1736781011.502040	0932	5	65535	1	8	4	224	-1	-1	4	0	-1	0	8	2	1	0	14	0020
1736781011.517236	0934	2	59320	1	16	75	42000	22920	19080	7	0	1	3	0	3	1	0	45	7ffffda01d08
1736781011.518326	0934	3	59320	1	16	75	44304	22920	21384	7	1	0	6	0	3	1	1	45	7ffff3211e08
1736781011.519314	0934	4	59320	1	16	75	42000	22920	19080	7	1	0	7	0	3	1	2	45	7fffffa11c08
1736781011.520423	0934	5	65535	1	8	4	224	-1	-1	4	0	-1	0	12	2	2	1	14	0020
1736781011.520423	0934	5	59320	1	15	59	32256	16992	15264	7	0	0	1	24	3	2	3	45	3bbbf09e1c08
1736781011.521583	0934	6	59320	1	16	75	44304	22920	21384	7	1	1	0	0	3	1	4	45	7ffff4211f08
1736781011.522298	0934	7	59320	1	16	75	44304	22920	21384	7	1	1	5	0	3	1	5	45	7ffffaa11f08
1736781011.523302	0934	8	59320	1	16	75	44304	22920	21384	7	1	1	2	0	3	1	6	45	7ffffd211f08
1736781011.524276	0934	9	65534	1	1	4	56	-1	-1	4	0	-1	0	12	2	2	0	14	0004
1736781011.524276	0934	9	59320	1	15	59	32256	16992	15264	7	1	0	4	16	3	2	7	45	3bbbf21f1c08
1736781011.525542	0935	0	59320	1	14	75	38160	19080	19080	7	1	1	3	32	3	2	8	45	7ffff19d1d88
1736781011.526895	0935	1	59320	1	0	75	0	0	0	7	0	0	6	8	3	2	9	45	7ffff7015e90
1736781011.528492	0935	2	59320	1	0	75	0	0	0	7	0	0	7	16	3	2	10	45	7ffffb815c90
1736781011.529737	0935	3	59320	1	0	59	0	0	0	7	0	0	1	32	3	2	11	45	57f9fc805c90
1736781011.532512	0935	5	59320	1	0	75	0	0	0	7	1	1	5	24	3	2	12	45	7ffffe815f90
1736781011.533736	0935	6	59320	1	0	75	0	0	0	7	1	1	2	32	3	2	13	45	7ffff1015f90
1736781011.535087	0935	7	59320	1	0	59	0	0	0	7	0	0	4	8	3	2	14	45	57f9f6015c90
1736781011.539372	0936	0	65535	1	4	4	136	-1	-1	4	0	-1	0	12	2	2	2	14	0010
1736781011.547176	0936	5	65535	1	8	4	224	-1	-1	4	0	-1	0	12	2	3	3	14	0020
1736781011.565412	0938	5	65535	1	8	4	224	-1	-1	4	0	-1	0	8	2	1	4	14	0020
1736781011.572047	0939	6	59320	1	12	12	5520	2408	3112	7	0	0	3	32	3	2	15	45	009809981c08
1736781011.573400	0939	7	59320	1	12	71	25176	14112	11064	7	0	1	6	8	3	2	16	45	7fffbf181308
1736781011.575072	0939	8	59320	1	12	75	28224	15264	12960	7	0	1	7	24	3	2	17	45	7ffff3981708
1736781011.576428	0939	9	59320	1	11	75	24792	12960	11832	7	1	1	1	16	3	2	18	45	7ffffc971308
1736781011.577603	0940	0	59320	1	11	75	24792	12960	11832	7	0	0	0	32	3	2	19	45	7ffffc161208
1736781011.579082	0940	1	59320	1	12	75	28224	15264	12960	7	0	0	5	8	3	2	20	45	7ffff2981608
1736781011.580593	0940	2	59320	1	12	75	28224	15264	12960	7	0	0	2	16	3	2	21	45	7ffff5181608
1736781011.581853	0940	3	34689	1	27	11	6968	-1	-1	2	0	-1	0	8	2	2	0	33	eaefcd8280
1736781011.581853	0940	3	59320	1	12	75	28224	15264	12960	7	0	1	4	32	3	2	22	45	7ffffa181708
1736781011.583320	0940	4	59320	1	12	75	28224	15264	12960	7	1	1	3	24	3	2	23	45	7ffffd991708
1736781011.584795	0940	5	65535	1	8	4	224	-1	-1	4	0	-1	0	12	2	2	5	14	0020
1736781011.584795	0940	5	59320	1	12	59	22128	11832	10296	7	1	0	6	24	3	2	24	45	3bbbf3191608
1736781011.586266	0940	6	59320	1	12	75	28224	15264	12960	7	1	0	7	32	3	2	25	45	7ffff7991608
1736781011.587967	0940	7	59320	1	12	75	28224	15264	12960	7	0	0	1	8	3	2	26	45	7ffff8981608
1736781011.589716	0940	8	59320	1	12	75	28224	15264	12960	7	1	1	0	24	3	2	27	45	7ffffc191708
1736781011.591056	0940	9	59320	1	12	75	28224	15264	12960	7	1	1	5	16	3	2	28	45	7ffff2991708
1736781011.592662	0941	0	59320	1	11	75	24792	12960	11832	7	1	1	2	32	3	2	29	45	7ffff1171308
1736781011.594053	0941	1	59320	1	11	16	6032	2792	3240	7	1	0	4	8	3	2	30	45	01980e171808
1736781011.606736	0942	5	65535	1	8	4	224	-1	-1	4	0	-1	0	8	2	1	6	14	0020
1736781011.616633	0944	1	65535	1	12	8	328	-1	-1	4	0	-1	0	8	2	1	7	14	0830
1736781011.620452	0944	5	65535	1	8	4	224	-1	-1	4	0	-1	0	8	2	1	8	14	0020
1736781011.624265	0944	9	65534	1	1	4	56	-1	-1	4	0	-1	0	8	2	1	1	14	0004
1736781011.627246	0945	2	65535	1	12	8	328	-1	-1	4	0	-1	0	8	2	1	9	14	0830
1736781011.635259	0946	0	65535	1	3	4	120	-1	-1	4	0	-1	0	8	2	1	10	14	000c
1736781011.640295	0946	5	65535	1	8	4	224	-1	-1	4	0	-1	0	8	2	1	11	14	0020
1736781011.660508	0948	5	65535	1	8	4	224	-1	-1	4	0	-1	0	8	2	1	12	14	0020
1736781011.664329	0948	9	65534	1	1	4	56	-1	-1	4	0	-1	0	8	2	1	2	14	0004
1736781011.671314	0949	6	11221	0	10	15	2664	-1	-1	0	0	-1	0	0	3	1	0	27	10dd4b40
1736781011.680240	0950	5	65535	1	8	4	224	-1	-1	4	0	-1	0	8	2	1	13	14	0020
1736781011.684289	0950	9	65534	1	1	4	56	-1	-1	4	0	-1	0	8	2	1	3	14	0004
1736781011.695353	0952	0	65535	1	4	4	136	-1	-1	4	0	-1	0	8	2	1	14	14	0010
1736781011.700382	0952	5	65535	1	8	4	224	-1	-1	4	0	-1	0	8	2	1	15	14	0020
1736781011.720215	0954	5	65535	1	8	4	224	-1	-1	4	0	-1	0	8	2	1	15	14	0020
1736781011.724288	0954	9	65534	1	3	8	120	-1	-1	4	0	-1	0	8	2	1	4	14	080c
1736781011.740309	0956	5	65535	1	8	4	224	-1	-1	4	0	-1	0	8	2	1	14	14	0020
1736781011.744263	0956	9	65534	1	5	8	144	-1	-1	4	0	-1	0	8	2	1	4	14	0814
1736781011.762311	0958	5	65535	1	8	4	224	-1	-1	4	0	-1	0	8	2	1	14	14	0020
1736781011.764903	0958	9	65534	1	5	8	144	-1	-1	4	0	-1	0	8	2	1	5	14	0814
1736781011.780248	0960	5	65535	1	8	4	224	-1	-1	4	0	-1	0	8	2	1	14	14	0020
1736781011.784200	0960	9	65534	1	1	4	56	-1	-1	4	0	-1	0	8	2	1	6	14	0004
1736781011.787329	0961	2	65535	1	12	8	328	-1	-1	4	0	-1	0	8	2	1	14	14	0830
1736781011.795264	0962	0	65535	1	3	4	120	-1	-1	4	0	-1	0	8	2	1	15	14	000c
1736781011.800352	0962	5	65535	1	8	4	224	-1	-1	4	0	-1	0	8	2	1	16	14	0020
1736781011.804316	0962	9	65534	1	1	4	56	-1	-1	4	0	-1	0	8	2	1	7	14	0004
1736781011.815370	0964	0	65535	1	0	4	40	-1	-1	4	0	-1	0	8	2	1	16	14	0000
1736781011.824377	0964	9	65534	1	3	8	120	-1	-1	4	0	-1	0	8	2	1	8	14	080c
1736781011.835306	0966	0	65535	1	12	8	328	-1	-1	4	0	-1	0	8	2	1	14	14	0830
1736781011.855575	0968	0	65535	1	4	4	136	-1	-1	4	0	-1	0	8	2	1	13	14	0010
1736781011.861899	0968	5	65535	1	8	4	224	-1	-1	4	0	-1	0	12	2	2	14	14	0020
1736781011.868859	0968	9	65534	1	1	4	56	-1	-1	4	0	-1	0	8	2	1	8	14	0004
1736781011.883615	0970	5	65535	1	8	4	224	-1	-1	4	0	-1	0	8	2	1	14	14	0020
1736781011.889537	0970	9	65534	1	1	4	56	-1	-1	4	0	-1	0	8	2	1	8	14	0004
1736781011.901711	0972	5	65535	1	8	4	224	-1	-1	4	0	-1	0	8	2	1	13	14	0020
1736781011.920198	0974	5	65535	1	8	4	224	-1	-1	4	0	-1	0	8	2	1	13	14	0020
1736781011.924163	0974	9	65534	1	1	4	56	-1	-1	4	0	-1	0	8	2	1	8	14	0004
1736781011.936298	0976	1	65535	1	12	8	328	-1	-1	4	0	-1	0	8	2	1	13	14	0830
1736781011.944313	0976	9	65534	1	1	4	56	-1	-1	4	0	-1	0	8	2	1	8	14	0004
1736781011.955398	0978	0	65535	1	3	4	120	-1	-1	4	0	-1	0	8	2	1	13	14	000c
1736781011.960408	0978	5	65535	1	8	4	224	-1	-1	4	0	-1	0	8	2	1	14	14	0020
1736781011.980249	0980	5	65535	1	8	4	224	-1	-1	4	0	-1	0	8	2	1	14	14	0020
1736781012.000396	0982	5	65535	1	8	4	224	-1	-1	4	0	-1	0	8	2	1	12	14	0020
1736781012.004335	0982	9	65534	1	1	4	56	-1	-1	4	0	-1	0	8	2	1	6	14	0004
1736781012.013306	0983	8	45122	1	7	20	4208	2472	1736	7	1	1	3	8	3	2	0	45	0101e18f0b08
1736781012.016382	0984	0	65535	1	4	4	136	-1	-1	4	0	-1	0	8	2	1	12	14	0010
1736781012.020237	0984	5	65535	1	8	4	224	-1	-1	4	0	-1	0	8	2	1	12	14	0020
1736781012.025270	0985	0	45122	0	15	9	2600	-1	-1	0	0	-1	2	7	0	1	0	27	0a45e3e0
1736781012.045354	0987	0	34689	1	27	27	16992	-1	-1	2	0	-1	1	4	0	2	0	33	5420bd9600
1736781012.060213	0988	5	65535	1	8	4	224	-1	-1	4	0	-1	0	8	2	1	11	14	0020
1736781012.080293	0990	5	65535	1	8	4	224	-1	-1	4	0	-1	0	8	2	1	11	14	0020
1736781012.096318	0992	1	65535	1	12	8	328	-1	-1	4	0	-1	0	8	2	1	11	14	0830
1736781012.100410	0992	5	65535	1	8	4	224	-1	-1	4	0	-1	0	8	2	1	12	14	0020
1736781012.107212	0993	2	65535	1	12	8	328	-1	-1	4	0	-1	0	8	2	1	12	14	0830
1736781012.115446	0994	0	65535	1	3	4	120	-1	-1	4	0	-1	0	8	2	1	13	14	000c
1736781012.120239	0994	5	65535	1	8	4	224	-1	-1	4	0	-1	0	8	2	1	14	14	0020
1736781012.122204	0994	7	45122	0	0	72	0	-1	-1	0	0	-1	3	7	0	1	1	27	65d9c540
1736781012.137181	0996	2	45122	1	11	32	5736	5736	0	7	0	0	5	32	3	2	1	45	049bc6960050
1736781012.138881	0996	3	45122	1	9	28	4392	4392	0	7	0	0	1	32	3	2	2	45	021ea8920050
1736781012.142300	0996	5	65535	1	8	4	224	-1	-1	4	0	-1	0	8	2	1	13	14	0020
1736781012.142867	0996	6	45122	1	11	20	3496	3496	0	7	1	1	4	32	3	2	3	45	06150e170150
1736781012.144458	0996	7	45122	1	11	44	7736	7736	0	7	1	0	6	24	3	2	4	45	071fe3170050
1736781012.145994	0996	8	45122	1	9	24	3752	3752	0	7	0	1	7	8	3	2	5	45	051987920150
1736781012.147505	0996	9	65534	1	1	4	56	-1	-1	4	0	-1	0	12	2	2	2	14	0004
1736781012.164912	0998	5	65535	1	8	4	224	-1	-1	4	0	-1	0	8	2	1	13	14	0020
1736781012.176014	1000	0	65535	1	4	4	136	-1	-1	4	0	-1	0	8	2	1	13	14	0010
1736781012.180290	1000	5	65535	1	8	4	224	-1	-1	4	0	-1	0	12	2	2	14	14	0020
1736781012.194221	1001	9	3902	1	0	12	328	-1	-1	3	1	-1	0	8	2	1	0	27	cce40220
1736781012.200419	1002	5	65535	1	8	4	224	-1	-1	4	0	-1	0	8	2	1	14	14	0020
1736781012.210849	1003	5	3902	0	5	4	328	-1	-1	0	1	-1	3	0	3	1	0	27	0408b400
1736781012.218237	1004	3	3902	1	0	4	88	88	0	7	1	0	1	8	3	2	0	45	000104810040
1736781012.220238	1004	5	65535	1	8	4	224	-1	-1	4	0	-1	0	8	2	1	13	14	0020
1736781012.229342	1005	4	3902	1	0	8	208	208	0	7	1	0	2	16	3	2	1	45	001105010040
1736781012.230769	1005	5	3902	1	0	12	328	328	0	7	1	0	3	16	3	2	2	45	424005810040
1736781012.240568	1006	5	65535	1	8	4	224	-1	-1	4	0	-1	0	8	2	1	13	14	0020
1736781012.248305	1007	3	3902	1	0	4	88	88	0	7	1	0	4	8	3	2	3	45	040006010040
1736781012.256208	1008	1	65535	1	12	8	328	-1	-1	4	0	-1	0	8	2	1	14	14	0830
1736781012.260192	1008	5	65535	1	8	4	224	-1	-1	4	0	-1	0	8	2	1	15	14	0020
1736781012.260192	1008	5	3902	0	4	4	256	-1	-1	0	1	-1	5	0	3	1	1	27	04009400
1736781012.267775	1009	2	65535	1	12	8	328	-1	-1	4	0	-1	0	8	2	1	15	14	0830
1736781012.267775	1009	2	3902	0	10	10	1736	-1	-1	0	1	-1	4	0	3	1	2	27	0b115440
1736781012.268342	1009	3	3902	0	10	10	1736	-1	-1	0	0	-1	5	0	3	1	3	27	0b114400
1736781012.269285	1009	4	3902	0	11	10	1736	-1	-1	0	1	-1	6	0	3	1	4	27	0b0d7400
1736781012.270337	1009	5	3902	0	11	10	1736	-1	-1	0	1	-1	7	0	3	1	5	27	0b0d7440
1736781012.271282	1009	6	3902	0	9	10	1544	-1	-1	0	1	-1	0	0	3	1	6	27	0b153400
1736781012.272303	1009	7	3902	0	11	10	1736	-1	-1	0	0	-1	1	0	3	1	7	27	0b116400
1736781012.273193	1009	8	3902	0	10	10	1736	-1	-1	0	1	-1	2	4	2	1	8	27	0b155440
1736781012.275247	1010	0	65535	1	3	4	120	-1	-1	4	0	-1	0	8	2	1	16	14	000c
1736781012.280239	1010	5	65535	1	8	4	224	-1	-1	4	0	-1	0	8	2	1	17	14	0020
1736781012.284199	1010	9	65534	1	1	4	56	-1	-1	4	0	-1	0	8	2	1	1	14	0004
1736781012.295358	1012	0	32687	0	5	4	328	-1	-1	0	0	-1	0	0	3	1	0	27	0424a400
1736781012.300311	1012	5	65535	1	8	4	224	-1	-1	4	0	-1	0	8	2	1	16	14	0020
1736781012.303188	1012	8	32687	0	5	4	328	-1	-1	0	0	-1	0	0	3	1	1	27	0418a400
1736781012.311159	1013	6	32687	0	5	4	328	-1	-1	0	0	-1	0	0	3	1	2	27	041ca400
1736781012.319277	1014	4	32687	0	5	4	328	-1	-1	0	0	-1	0	0	3	1	3	27	0420a400
1736781012.320229	1014	5	65535	1	8	4	224	-1	-1	4	0	-1	0	8	2	1	14	14	0020
1736781012.324217	1014	9	65534	1	1	4	56	-1	-1	4	0	-1	0	8	2	1	2	14	0004
1736781012.327355	1015	2	32687	0	5	4	328	-1	-1	0	0	-1	0	0	3	1	4	27	040ca400
1736781012.331246	1015	6	19473	1	9	4	616	616	0	7	0	1	3	24	3	2	0	45	020005920148
1736781012.337032	1016	0	65535	1	4	4	136	-1	-1	4	0	-1	0	8	2	1	14	14	0010
1736781012.341767	1016	5	65535	1	8	4	224	-1	-1	4	0	-1	0	8	2	1	15	14	0020
1736781012.360235	1018	5	65535	1	8	4	224	-1	-1	4	0	-1	0	8	2	1	15	14	0020
1736781012.370385	1019	5	19473	1	0	4	88	88	0	7	0	0	0	24	3	2	1	45	020004000048
1736781012.380277	1020	5	65535	1	8	4	224	-1	-1	4	0	-1	0	8	2	1	14	14	0020
1736781012.400209	1022	5	65535	1	8	4	224	-1	-1	4	0	-1	0	8	2	1	14	14	0020
1736781012.404278	1022	9	65534	1	1	4	56	-1	-1	4	0	-1	0	8	2	1	2	14	0004
1736781012.416291	1024	0	19473	1	8	4	536	536	0	7	0	0	1	8	3	2	2	45	040004900048
1736781012.418013	1024	1	65535	1	12	8	328	-1	-1	4	0	-1	0	8	2	1	14	14	0830
1736781012.418423	1024	2	19473	1	8	4	536	536	0	7	0	0	4	16	3	2	3	45	020006100048
1736781012.421335	1024	5	65535	1	8	4	224	-1	-1	4	0	-1	0	8	2	1	15	14	0020
1736781012.424181	1024	9	65534	1	1	4	56	-1	-1	4	0	-1	0	12	2	2	3	14	0004
1736781012.427245	1025	2	65535	1	12	8	328	-1	-1	4	0	-1	0	8	2	1	15	14	0830
1736781012.430284	1025	5	19473	1	8	4	536	536	0	7	1	0	6	24	3	2	4	45	100007110058
1736781012.435287	1026	0	47681	0	12	4	776	-1	-1	0	1	-1	4	0	3	1	0	27	04059440
1736781012.442743	1026	5	65535	1	8	4	224	-1	-1	4	0	-1	0	12	2	2	16	14	0020
1736781012.447937	1026	8	47681	0	12	4	776	-1	-1	0	1	-1	4	8	3	2	1	27	048d94c0
1736781012.449284	1026	9	9595	1	5	16	1952	1384	568	7	1	1	6	32	3	2	1	45	01818b0b0308
1736781012.452309	1027	1	9595	1	5	20	2272	1736	536	7	1	0	5	8	3	2	2	45	0181ce8b0008
1736781012.460788	1027	6	47681	0	12	4	776	-1	-1	0	1	-1	4	8	3	2	2	27	04719440
1736781012.466238	1027	9	12670	1	0	12	328	-1	-1	3	1	-1	0	12	2	2	0	27	cce40220
1736781012.468150	1028	0	65535	1	0	4	40	-1	-1	4	0	-1	0	12	2	2	16	14	0000
1736781012.475324	1028	4	47681	0	12	4	776	-1	-1	0	1	-1	4	8	3	2	3	27	04719440
1736781012.477016	1028	5	65535	1	8	4	224	-1	-1	4	0	-1	0	12	2	2	16	14	0020
1736781012.484218	1028	9	65534	1	3	8	120	-1	-1	4	0	-1	0	12	2	2	4	14	080c
1736781012.495197	1029	5	12670	0	5	4	328	-1	-1	0	1	-1	7	16	3	2	0	27	046cb400
1736781012.503041	1030	0	65535	1	12	8	328	-1	-1	4	0	-1	0	12	2	2	15	14	0830
1736781012.508482	1030	3	12670	1	0	4	88	88	0	7	1	0	1	16	3	2	0	45	000024810040
1736781012.516899	1031	1	12670	1	1	4	144	144	0	7	1	0	2	16	3	2	1	45	000205030058
1736781012.521089	1032	0	65535	1	4	4	136	-1	-1	4	0	-1	0	8	2	1	14	14	0010
1736781012.523013	1032	5	7556	1	3	28	1608	-1	-1	2	1	-1	4	0	3	2	0	33	180ba1c900
1736781012.523013	1032	5	65535	1	8	4	224	-1	-1	4	0	-1	0	12	2	2	15	14	0020
1736781012.523013	1032	5	12670	0	13	4	904	-1	-1	0	1	-1	5	28	2	2	1	27	0491b400
1736781012.528000	1033	0	9595	1	2	28	2032	1256	776	7	0	0	2	8	3	2	3	45	01c1e1040008
1736781012.529485	1033	2	9595	1	2	32	2288	1416	872	7	1	1	4	24	3	2	4	45	01e1ea050108
1736781012.539817	1034	2	12670	0	15	4	1128	-1	-1	0	1	-1	6	16	2	2	2	27	0449f440
1736781012.541555	1034	4	12670	1	2	4	176	176	0	7	1	0	6	16	3	2	2	45	000047050058
1736781012.546740	1034	7	63280	0	5	8	680	-1	-1	0	1	-1	3	24	3	2	0	27	08b4b400
1736781012.550053	1034	9	56517	1	0	4	88	88	0	7	0	0	2	16	3	2	0	45	000805000050
1736781012.550053	1034	9	63280	0	5	8	680	-1	-1	0	1	-1	5	32	3	2	1	27	08b0b400
1736781012.554583	1035	2	65534	1	13	56	336	-1	-1	4	0	-1	0	8	3	2	4	14	1f34
1736781012.570262	1036	5	65535	1	8	4	224	-1	-1	4	0	-1	0	12	2	2	15	14	0020
1736781012.570262	1036	5	63280	0	20	4	1736	-1	-1	0	0	-1	5	0	3	2	2	27	04168440
1736781012.585976	1038	5	65535	1	8	4	224	-1	-1	4	0	-1	0	8	2	1	15	14	0020
1736781012.591636	1040	1	65535	1	12	8	328	-1	-1	4	0	-1	0	8	2	1	15	14	0830
1736781012.592907	1040	5	65535	1	8	4	224	-1	-1	4	0	-1	0	8	2	1	15	14	0020
1736781012.596596	1041	2	65535	1	12	8	328	-1	-1	4	0	-1	0	8	2	1	16	14	0830
1736781012.599504	1041	7	33064	1	3	16	904	904	0	7	1	0	4	0	3	1	0	45	0e0026070058
1736781012.601356	1042	0	65535	1	3	4	120	-1	-1	4	0	-1	0	8	2	1	17	14	000c
1736781012.604659	1042	5	65535	1	8	4	224	-1	-1	4	0	-1	0	8	2	1	17	14	0020
1736781012.620285	1044	5	65535	1	8	4	224	-1	-1	4	0	-1	0	8	2	1	17	14	0020
1736781012.624248	1044	9	30410	0	29	1	0	-1	-1	0	1	-1	1	0	3	1	0	27	00abb440
1736781012.633338	1045	8	9595	1	2	44	3600	1992	1608	7	1	1	7	0	3	1	4	45	21e7eb850308
1736781012.640419	1046	5	65535	1	8	4	224	-1	-1	4	0	-1	0	8	2	1	17	14	0020
1736781012.646179	1047	0	19473	1	5	8	680	680	0	7	0	1	5	8	3	2	3	45	0300068a0158
1736781012.647805	1047	1	9595	1	1	56	4048	2024	2024	7	0	0	6	0	3	1	5	45	67e7ef020208
1736781012.655800	1048	0	65535	1	4	4	136	-1	-1	4	0	-1	0	8	2	1	18	14	0010
1736781012.660393	1048	5	65535	1	8	4	224	-1	-1	4	0	-1	0	8	2	1	17	14	0020
1736781012.664217	1048	9	65534	1	1	4	56	-1	-1	4	0	-1	0	8	2	1	2	14	0004
1736781012.665286	1049	0	9595	1	4	12	2512	840	1672	7	0	1	5	0	3	1	6	45	008182881100
1736781012.680390	1050	5	65535	1	8	4	224	-1	-1	4	0	-1	0	8	2	1	16	14	0020
1736781012.693313	1051	8	9595	1	4	8	1648	552	1096	7	1	1	2	0	3	1	5	45	010081091100
1736781012.698221	1052	3	45122	1	6	71	18544	7480	11064	7	0	1	0	32	3	2	0	45	77fff00c1300
1736781012.699661	1052	4	45122	1	6	75	19568	7736	11832	7	0	1	2	32	3	2	1	45	7ffff50c1300
1736781012.701304	1052	5	65535	1	8	4	224	-1	-1	4	0	-1	0	12	2	2	15	14	0020
1736781012.701304	1052	5	45122	1	6	59	16496	6200	10296	7	0	0	3	16	3	2	2	45	3bbbf98c1600
1736781012.702767	1052	6	45122	1	4	16	4368	1128	3240	7	1	1	5	32	3	2	3	45	01806e891900
1736781012.707470	1053	0	9595	1	4	12	2512	840	1672	7	1	1	1	8	3	2	6	45	018100891100
1736781012.707470	1053	0	45122	1	3	16	3440	904	2536	7	1	1	1	32	3	2	4	45	0400e0871300
1736781012.720338	1054	5	65535	1	8	4	224	-1	-1	4	0	-1	0	8	2	1	15	14	0020
1736781012.737945	1056	1	65535	1	12	8	328	-1	-1	4	0	-1	0	8	2	1	14	14	0830
1736781012.740688	1056	5	65535	1	8	4	224	-1	-1	4	0	-1	0	8	2	1	15	14	0020
1736781012.744294	1056	9	65534	1	1	4	56	-1	-1	4	0	-1	0	8	2	1	2	14	0004
1736781012.745265	1057	0	9595	1	3	28	2864	1608	1256	7	1	1	3	0	3	1	5	45	0107e9870508
1736781012.755182	1058	0	65535	1	3	4	120	-1	-1	4	0	-1	0	8	2	1	16	14	000c
1736781012.760286	1058	5	65535	1	8	4	224	-1	-1	4	0	-1	0	8	2	1	16	14	0020
1736781012.780320	1060	5	65535	1	8	4	224	-1	-1	4	0	-1	0	8	2	1	15	14	0020
1736781012.800252	1062	5	65535	1	8	4	224	-1	-1	4	0	-1	0	8	2	1	13	14	0020
1736781012.804260	1062	9	9595	1	5	16	1952	1384	568	7	0	0	0	0	3	1	6	45	0181800a0208
1736781012.805341	1063	0	9595	1	5	16	2288	1384	904	7	0	0	7	0	3	1	7	45	0081c38a0608
1736781012.815277	1064	0	65535	1	4	4	136	-1	-1	4	0	-1	0	8	2	1	13	14	0010
1736781012.820294	1064	5	65535	1	8	4	224	-1	-1	4	0	-1	0	8	2	1	14	14	0020
1736781012.824235	1064	9	65534	1	1	4	56	-1	-1	4	0	-1	0	8	2	1	2	14	0004
1736781012.833259	1065	8	24442	1	0	12	328	-1	-1	3	1	-1	0	8	2	1	0	27	cce40220
1736781012.835401	1066	0	45122	0	10	44	7736	-1	-1	0	1	-1	4	7	0	1	0	27	26695420
1736781012.842204	1066	7	33064	1	7	47	9104	5736	3368	7	0	0	7	2	1	1	0	45	69e1ff8e0838
1736781012.844171	1066	9	65534	1	3	8	120	-1	-1	4	0	-1	0	8	2	1	3	14	080c
1736781012.850317	1067	5	24442	0	5	4	328	-1	-1	0	1	-1	3	0	3	1	0	27	03ecb400
1736781012.857151	1068	2	24442	0	20	2	840	-1	-1	0	1	-1	2	0	3	1	1	27	015a9440
1736781012.860370	1068	5	65535	1	8	4	224	-1	-1	4	0	-1	0	8	2	1	12	14	0020
1736781012.864332	1068	9	65534	1	3	8	120	-1	-1	4	0	-1	0	8	2	1	4	14	080c
1736781012.865351	1069	0	24442	1	0	4	88	88	0	7	1	0	1	32	3	2	0	45	400004810040
1736781012.880435	1070	5	65535	1	8	4	224	-1	-1	4	0	-1	0	8	2	1	12	14	0020
1736781012.883249	1070	8	30410	0	5	4	328	-1	-1	0	0	-1	4	0	3	1	0	27	039ca400
1736781012.884371	1070	9	65534	1	1	4	56	-1	-1	4	0	-1	0	8	2	1	4	14	0004
1736781012.891875	1071	6	30410	0	5	4	328	-1	-1	0	0	-1	4	0	3	1	1	27	03a8a400
1736781012.896235	1072	1	65535	1	12	8	328	-1	-1	4	0	-1	0	8	2	1	12	14	0830
1736781012.899292	1072	4	30410	0	5	4	328	-1	-1	0	0	-1	4	0	3	1	2	27	0438a400
1736781012.900334	1072	5	65535	1	8	4	224	-1	-1	4	0	-1	0	8	2	1	13	14	0020
1736781012.904304	1072	9	65534	1	1	4	56	-1	-1	4	0	-1	0	8	2	1	5	14	0004
1736781012.907333	1073	2	65535	1	12	8	328	-1	-1	4	0	-1	0	8	2	1	13	14	0830
1736781012.907333	1073	2	30410	0	5	4	328	-1	-1	0	0	-1	4	0	3	1	3	27	0398a400
1736781012.909251	1073	4	24442	1	5	8	680	680	0	7	1	0	2	16	3	2	1	45	6000050b0040
1736781012.910713	1073	5	24442	1	1	4	144	144	0	7	1	0	3	32	3	2	2	45	200005830040
1736781012.915669	1073	8	9595	1	3	12	1712	680	1032	7	1	1	6	32	3	2	3	45	010183070b00
1736781012.918820	1074	0	65535	1	3	4	120	-1	-1	4	0	-1	0	12	2	2	14	14	000c
1736781012.922320	1074	2	56517	1	0	4	88	88	0	7	1	1	1	24	3	2	0	45	000084810150
1736781012.925528	1074	4	56517	1	4	4	256	256	0	7	0	0	3	32	3	2	1	45	000805880050
1736781012.927141	1074	5	65535	1	8	4	224	-1	-1	4	0	-1	0	12	2	2	15	14	0020
1736781012.928939	1074	6	9595	1	0	12	0	0	0	7	1	1	6	32	3	2	4	45	0001a7014b90
1736781012.936281	1075	0	9595	1	2	16	2080	696	1384	7	1	0	5	8	2	2	5	45	010382850a00
1736781012.938114	1075	1	9595	1	2	16	2080	696	1384	7	0	0	2	8	3	2	6	45	01038d040a00
1736781012.962834	1076	4	33747	0	5	4	328	-1	-1	0	1	-1	4	16	3	2	0	27	0440b400
1736781012.964490	1076	5	65535	1	8	4	224	-1	-1	4	0	-1	0	12	2	2	14	14	0020
1736781012.972009	1076	9	65534	1	1	4	56	-1	-1	4	0	-1	0	12	2	2	6	14	0004
1736781012.977852	1077	2	33747	1	0	4	88	88	0	7	1	0	1	16	3	2	1	45	000404810040
1736781012.981693	1077	4	56517	1	6	4	392	392	0	7	1	1	7	32	3	2	2	45	0010078d0150
1736781012.996029	1079	2	33747	1	16	4	1224	1224	0	7	1	0	2	0	3	1	2	45	004005210048
1736781012.999461	1080	1	9595	1	3	20	2032	1160	872	7	0	0	1	0	3	1	6	45	0181a0860408
1736781013.000623	1080	5	65535	1	8	4	224	-1	-1	4	0	-1	0	8	2	1	12	14	0020
1736781013.001241	1080	7	45122	1	3	64	12896	3752	9144	7	0	0	4	24	3	2	0	45	7ff9e2061000
1736781013.002947	1080	9	45122	1	1	32	5744	1160	4584	7	0	1	6	32	3	2	1	45	0781eb021100
1736781013.016459	1082	5	65535	1	8	4	224	-1	-1	4	0	-1	0	8	2	1	13	14	0020
1736781013.019285	1082	9	65534	1	1	4	56	-1	-1	4	0	-1	0	8	2	1	6	14	0004
1736781013.019740	1083	0	9595	1	3	36	3696	2088	1608	7	1	1	4	0	3	1	7	45	4187e2070508
1736781013.038162	1084	9	65534	1	1	4	56	-1	-1	4	0	-1	0	8	2	1	7	14	0004
1736781013.038783	1085	0	45122	1	4	64	12320	4584	7736	7	1	0	0	32	3	2	2	45	7fdde0090e00
1736781013.042281	1085	2	56517	1	0	4	88	88	0	7	0	0	6	0	3	1	3	45	000107000058
1736781013.050158	1086	3	33747	1	19	4	1416	1416	0	7	1	0	3	0	3	1	3	45	020005a70048
1736781013.057101	1086	9	65534	1	3	8	120	-1	-1	4	0	-1	0	12	2	2	8	14	080c
1736781013.058919	1087	0	9595	1	2	24	3536	1064	2472	7	0	0	3	8	3	2	6	45	0181e9840c08
1736781013.060748	1087	1	9595	1	2	24	3152	1064	2088	7	1	1	0	8	3	2	7	45	0181ec050b08
1736781013.078250	1088	0	9595	1	2	20	2960	872	2088	7	1	1	7	8	3	2	8	45	0181c7850d08
1736781013.080034	1088	1	65535	1	12	8	328	-1	-1	4	0	-1	0	12	2	2	10	14	0830
1736781013.087700	1088	5	65535	1	8	4	224	-1	-1	4	0	-1	0	12	2	2	11	14	0020
1736781013.102135	1089	2	65535	1	12	8	328	-1	-1	4	0	-1	0	12	2	2	12	14	0830
1736781013.102135	1089	2	45122	1	5	32	6672	2792	3880	7	1	0	2	32	2	2	3	45	3981a90b0e00
1736781013.109538	1090	0	65535	1	3	4	120	-1	-1	4	0	-1	0	12	2	2	13	14	000c
1736781013.115202	1090	5	65535	1	8	4	224	-1	-1	4	0	-1	0	12	2	2	14	14	0020
1736781013.127197	1092	0	65535	1	0	4	40	-1	-1	4	0	-1	0	8	2	1	14	14	0000
1736781013.129326	1092	5	65535	1	8	4	224	-1	-1	4	0	-1	0	8	2	1	15	14	0020
1736781013.132654	1093	5	59453	0	5	4	328	-1	-1	0	1	-1	7	0	3	1	0	27	03b8b400
1736781013.134727	1094	0	65535	1	12	8	328	-1	-1	4	0	-1	0	8	2	1	16	14	0830
1736781013.143587	1095	5	45122	1	7	60	16752	7224	9528	7	0	0	5	16	3	2	4	45	7f9dee8e1200
1736781013.145242	1095	6	45122	1	7	52	14704	6456	8248	7	0	0	1	32	3	2	5	45	7f91e08e1200
1736781013.151297	1096	0	65535	1	4	4	136	-1	-1	4	0	-1	0	8	2	1	16	14	0010
1736781013.153946	1096	4	27656	1	0	6	1504	152	1352	7	1	1	7	10	1	1	0	45	b8c52f819be8
1736781013.154700	1096	5	65535	1	8	4	224	-1	-1	4	0	-1	0	8	2	1	17	14	0020
1736781013.157432	1096	9	65534	1	1	4	56	-1	-1	4	0	-1	0	8	2	1	5	14	0004
1736781013.157432	1096	9	59453	0	0	4	88	-1	-1	0	1	-1	1	12	1	1	1	27	03d01400
1736781013.166664	1097	9	59453	0	22	1	440	-1	-1	0	1	-1	3	12	1	1	2	27	005ad400
1736781013.170920	1098	5	65535	1	8	4	224	-1	-1	4	0	-1	0	8	2	1	15	14	0020
1736781013.179119	1099	1	9595	1	8	16	4752	2216	2536	7	1	1	1	0	3	1	8	45	018304911300
1736781013.179658	1099	2	9595	1	4	32	5072	2280	2792	7	0	0	4	0	3	1	9	45	0187ea080a00
1736781013.180965	1099	4	9595	1	4	20	3152	1416	1736	7	1	1	3	32	3	2	10	45	018581890b00
1736781013.182777	1099	5	9595	1	4	16	2256	1128	1128	7	0	0	0	0	3	1	11	45	01818c080800
1736781013.183289	1099	6	9595	1	4	16	2256	1128	1128	7	0	0	7	0	3	1	11	45	018183880800
1736781013.192392	1100	9	65534	1	1	4	56	-1	-1	4	0	-1	0	8	2	1	5	14	0004
1736781013.192392	1100	9	30410	0	8	10	1384	-1	-1	0	1	-1	1	4	0	1	0	27	5b151600
1736781013.206025	1102	5	65535	1	8	4	224	-1	-1	4	0	-1	0	8	2	1	13	14	0020
1736781013.206527	1102	6	45122	1	5	16	3920	1384	2536	7	1	1	4	0	3	1	6	45	0001ee0b1308
1736781013.218963	1104	1	65535	1	12	8	328	-1	-1	4	0	-1	0	8	2	1	13	14	0830
1736781013.221806	1104	5	65535	1	8	4	224	-1	-1	4	0	-1	0	8	2	1	14	14	0020
1736781013.224540	1104	9	65534	1	1	4	56	-1	-1	4	0	-1	0	8	2	1	5	14	0004
1736781013.234302	1105	9	9595	1	3	28	2608	1608	1000	7	1	1	6	0	3	2	9	45	01c1ef070300
1736781013.236042	1106	0	65535	1	3	4	120	-1	-1	4	0	-1	0	12	2	2	14	14	000c
1736781013.240681	1106	5	65535	1	8	4	224	-1	-1	4	0	-1	0	8	2	1	15	14	0020
1736781013.244205	1106	9	65534	1	1	4	56	-1	-1	4	0	-1	0	8	2	1	5	14	0004
1736781013.260363	1108	5	65535	1	8	4	224	-1	-1	4	0	-1	0	8	2	1	16	14	0020
1736781013.261220	1108	6	45122	1	5	28	5456	2472	2984	7	1	0	6	32	3	2	4	45	0381e70b0c08
1736781013.265875	1109	0	45122	1	3	24	3472	1384	2088	7	0	1	7	0	3	2	5	45	0181e3860b08
1736781013.267515	1109	1	45122	1	3	20	2896	1160	1736	7	0	1	0	32	3	2	6	45	0101e4060b08
1736781013.272982	1109	6	45122	1	3	40	5840	2344	3496	7	0	1	2	32	3	3	7	45	5e19c1060b08
1736781013.272982	1109	6	9595	1	4	16	2032	1128	904	7	0	0	2	48	3	3	9	45	218021080600
1736781013.283224	1110	5	65535	1	8	4	224	-1	-1	4	0	-1	0	8	2	1	17	14	0020
1736781013.295003	1111	9	9595	1	5	12	1552	1032	520	7	1	1	4	0	3	1	7	45	0180460b0500
1736781013.295549	1112	0	9595	1	6	12	1904	1224	680	7	0	0	3	0	3	2	8	45	0180258c0600
1736781013.295549	1112	0	65535	1	4	4	136	-1	-1	4	0	-1	0	12	2	2	16	14	0010
1736781013.300277	1112	5	45122	1	11	4	680	680	0	7	1	0	5	0	3	1	7	45	00010a970058
1736781013.300277	1112	5	65535	1	8	4	224	-1	-1	4	0	-1	0	8	2	1	16	14	0020
1736781013.304231	1112	9	32687	1	4	4	256	256	0	7	0	0	6	16	3	2	0	45	100007080058
1736781013.312364	1113	7	32687	1	4	4	256	256	0	7	0	0	6	16	3	2	1	45	020007080058
1736781013.313954	1113	8	32687	0	4	1	56	-1	-1	0	0	-1	2	0	3	1	0	27	007c8400
1736781013.322785	1114	5	65535	1	8	4	224	-1	-1	4	0	-1	0	12	2	2	13	14	0020
1736781013.322785	1114	5	32687	1	4	4	256	256	0	7	0	0	6	24	3	2	2	45	000047080058
1736781013.324332	1114	6	32687	0	4	1	56	-1	-1	0	0	-1	2	0	3	1	1	27	00888400
1736781013.326304	1114	9	65534	1	1	4	56	-1	-1	4	0	-1	0	8	2	1	4	14	0004
1736781013.329836	1115	4	32687	0	4	1	56	-1	-1	0	0	-1	2	0	3	1	2	27	00108400
1736781013.332265	1115	7	9595	1	4	16	1552	1128	424	7	1	1	0	0	3	1	9	45	018184090100
1736781013.333254	1115	8	9595	1	6	8	1248	808	440	7	1	1	7	0	3	1	10	45	01800b8d0700
1736781013.346290	1117	0	9595	1	4	12	1168	840	328	7	0	0	1	0	3	1	11	45	018088880000
1736781013.347342	1117	2	45122	1	7	36	10128	4392	5736	7	1	1	1	0	3	1	6	45	201fe08f1308
1736781013.350202	1117	5	45122	1	13	4	904	904	0	7	0	1	4	0	3	1	7	45	0000461a0158
1736781013.351238	1117	6	45122	1	7	8	1648	968	680	7	0	1	6	0	3	1	8	45	00006b0e0b08
1736781013.360299	1118	5	65535	1	8	4	224	-1	-1	4	0	-1	0	8	2	1	11	14	0020
1736781013.377468	1120	1	65535	1	12	8	328	-1	-1	4	0	-1	0	8	2	1	11	14	0830
1736781013.378068	1120	2	56517	1	4	4	256	256	0	7	0	0	0	0	3	1	0	45	004004080058
1736781013.378447	1120	3	56517	1	5	4	328	328	0	7	1	0	2	0	3	1	1	45	0020050b0058
1736781013.380201	1120	5	56517	1	4	4	256	256	0	7	1	0	3	0	3	1	2	45	000105890058
1736781013.380201	1120	5	65535	1	8	4	224	-1	-1	4	0	-1	0	8	2	1	12	14	0020
1736781013.384180	1120	9	65534	1	1	4	56	-1	-1	4	0	-1	0	8	2	1	4	14	0004
1736781013.387295	1121	2	65535	1	12	8	328	-1	-1	4	0	-1	0	8	2	1	13	14	0830
1736781013.395252	1122	0	65535	1	3	4	120	-1	-1	4	0	-1	0	8	2	1	14	14	000c
1736781013.401367	1122	5	65535	1	8	4	224	-1	-1	4	0	-1	0	8	2	1	15	14	0020
1736781013.405200	1123	0	9595	1	5	8	1488	680	808	7	0	0	6	0	3	1	7	45	0180030a0c00
1736781013.406227	1123	1	9595	1	7	8	2064	968	1096	7	0	1	5	0	3	1	8	45	0180068e1100
1736781013.407365	1123	2	9595	1	5	8	1648	680	968	7	1	1	2	0	3	1	9	45	0180090b0f00
1736781013.430670	1125	5	27656	1	1	44	19176	1608	17568	7	0	1	6	11	0	1	0	45	6974e769c2c0
1736781013.440215	1126	5	65535	1	8	4	224	-1	-1	4	0	-1	0	8	2	1	12	14	0020
1736781013.461857	1128	5	65535	1	8	4	224	-1	-1	4	0	-1	0	8	2	1	12	14	0020
1736781013.480229	1130	5	65535	1	8	4	224	-1	-1	4	0	-1	0	8	2	1	12	14	0020
1736781013.481323	1130	6	59320	1	31	35	21960	4392	17568	7	1	0	1	8	0	1	0	45	2e0570eebf50
1736781013.500257	1132	5	65535	1	8	4	224	-1	-1	4	0	-1	0	8	2	1	11	14	0020
1736781013.512252	1133	7	19473	1	0	4	88	88	0	7	0	0	2	32	3	2	0	45	002005000058
1736781013.523199	1134	5	65535	1	8	4	224	-1	-1	4	0	-1	0	8	2	1	11	14	0020
1736781013.537084	1136	1	65535	1	12	8	328	-1	-1	4	0	-1	0	8	2	1	11	14	0830
1736781013.540233	1136	5	65535	1	8	4	224	-1	-1	4	0	-1	0	8	2	1	12	14	0020
1736781013.540233	1136	5	65534	1	29	40	-1	-1	-1	3	0	-1	2	4	2	1	0	27	aae3aa20
1736781013.547234	1137	2	65535	1	12	8	328	-1	-1	4	0	-1	0	8	2	1	13	14	0830
1736781013.551242	1137	6	19473	1	3	8	440	440	0	7	1	0	7	16	3	2	1	45	004807870058
1736781013.555243	1138	0	65535	1	3	4	120	-1	-1	4	0	-1	0	8	2	1	14	14	000c
1736781013.560467	1138	5	65535	1	8	4	224	-1	-1	4	0	-1	0	8	2	1	15	14	0020
1736781013.564254	1138	9	65534	1	3	8	120	-1	-1	4	0	-1	0	12	2	2	1	14	080c
1736781013.575166	1140	0	12337	0	29	2	0	-1	-1	0	0	-1	0	8	3	2	0	27	0143a440
1736781013.577127	1140	1	12337	1	0	40	1096	1096	0	7	0	0	3	8	3	2	0	45	6e6e05800048
1736781013.581124	1140	5	65535	1	8	4	224	-1	-1	4	0	-1	0	8	2	1	14	14	0020
1736781013.584155	1140	9	65534	1	1	4	56	-1	-1	4	0	-1	0	8	2	1	2	14	0004
1736781013.587231	1141	2	9595	1	7	12	2512	1480	1032	7	1	1	6	0	3	1	3	45	01a0030f0b00
1736781013.600294	1142	5	65535	1	8	4	224	-1	-1	4	0	-1	0	8	2	1	12	14	0020
1736781013.615414	1144	0	65535	1	4	4	136	-1	-1	4	0	-1	0	8	2	1	12	14	0010
1736781013.620241	1144	5	65535	1	8	4	224	-1	-1	4	0	-1	0	8	2	1	13	14	0020
1736781013.625389	1144	9	32687	1	4	4	256	256	0	7	0	0	7	16	3	2	0	45	010007880058
1736781013.632319	1145	7	32687	1	4	4	256	256	0	7	0	0	7	16	3	2	1	45	000207880058
1736781013.632319	1145	7	32687	0	4	1	56	-1	-1	0	0	-1	1	8	3	2	0	27	01088400
1736781013.641513	1146	5	65535	1	8	4	224	-1	-1	4	0	-1	0	12	2	2	14	14	0020
1736781013.645611	1147	0	32687	0	0	4	88	-1	-1	0	0	-1	6	0	3	1	1	27	047c0400
1736781013.648172	1147	3	61730	1	0	4	88	88	0	7	1	0	1	16	3	2	0	45	000084810040
1736781013.660179	1148	5	65535	1	8	4	224	-1	-1	4	0	-1	0	8	2	1	14	14	0020
1736781013.668242	1149	3	61730	1	0	8	208	208	0	7	1	0	2	16	3	2	1	45	001105010058
1736781013.669778	1149	4	61730	1	0	40	1096	1096	0	7	1	0	3	32	3	2	2	45	657465810058
1736781013.680276	1150	5	65535	1	8	4	224	-1	-1	4	0	-1	0	8	2	1	14	14	0020
1736781013.700381	1152	5	65535	1	8	4	224	-1	-1	4	0	-1	0	8	2	1	14	14	0020
1736781013.707268	1153	2	65535	1	12	8	328	-1	-1	4	0	-1	0	8	2	1	14	14	0830
1736781013.715380	1154	0	65535	1	3	4	120	-1	-1	4	0	-1	0	8	2	1	15	14	000c
1736781013.720193	1154	5	45122	1	5	59	15456	5160	10296	7	1	0	2	0	3	1	0	45	3bbbf10b1600
1736781013.735210	1156	0	65535	1	0	4	40	-1	-1	4	0	-1	0	8	2	1	15	14	0000
1736781013.740282	1156	5	65535	1	8	4	224	-1	-1	4	0	-1	0	8	2	1	15	14	0020
1736781013.744285	1156	9	65534	1	1	4	56	-1	-1	4	0	-1	0	8	2	1	2	14	0004
1736781013.755356	1158	0	65535	1	12	8	328	-1	-1	4	0	-1	0	8	2	1	14	14	0830
1736781013.760663	1158	5	65535	1	8	4	224	-1	-1	4	0	-1	0	8	2	1	14	14	0020
1736781013.765363	1158	9	65534	1	1	4	56	-1	-1	4	0	-1	0	8	2	1	3	14	0004
1736781013.775245	1160	0	65535	1	4	4	136	-1	-1	4	0	-1	0	8	2	1	14	14	0010
1736781013.780319	1160	5	65535	1	8	4	224	-1	-1	4	0	-1	0	8	2	1	15	14	0020
1736781013.800368	1162	5	65535	1	8	4	224	-1	-1	4	0	-1	0	8	2	1	15	14	0020
1736781013.820232	1164	5	65535	1	8	4	224	-1	-1	4	0	-1	0	12	2	2	14	14	0020
1736781013.820232	1164	5	19473	1	0	4	88	88	0	7	1	1	3	24	3	2	0	45	020005810158
1736781013.840344	1166	5	65535	1	8	4	224	-1	-1	4	0	-1	0	8	2	1	14	14	0020
1736781013.841193	1166	6	9595	1	0	12	0	0	0	7	0	0	4	0	3	1	0	45	00602e004898
1736781013.856216	1168	1	65535	1	12	8	328	-1	-1	4	0	-1	0	8	2	1	14	14	0830
1736781013.867186	1169	2	65535	1	12	8	328	-1	-1	4	0	-1	0	8	2	1	14	14	0830
1736781013.875262	1170	0	65535	1	3	4	120	-1	-1	4	0	-1	0	8	2	1	15	14	000c
1736781013.880259	1170	5	65535	1	8	4	224	-1	-1	4	0	-1	0	8	2	1	16	14	0020
1736781013.900393	1172	5	65535	1	8	4	224	-1	-1	4	0	-1	0	8	2	1	16	14	0020
1736781013.908227	1173	3	46705	1	9	29	4584	-1	-1	5	0	-1	3	0	2	1	0	29	6fda5a98
1736781013.919263	1174	4	24442	0	30	27	0	-1	-1	0	1	-1	0	10	1	1	0	27	1f17d400
1736781013.920246	1174	5	65535	1	8	4	224	-1	-1	4	0	-1	0	8	2	1	14	14	0020
1736781013.931218	1175	6	59320	1	1	32	2576	1160	1416	7	1	0	0	8	0	1	0	45	5119cc034448
1736781013.935918	1175	9	9595	1	7	8	1296	968	328	7	1	1	6	0	3	1	1	45	00804f0f0508
1736781013.936287	1176	0	65535	1	4	4	136	-1	-1	4	0	-1	0	8	2	1	15	14	0010
1736781013.940293	1176	5	65535	1	8	4	224	-1	-1	4	0	-1	0	8	2	1	15	14	0020
1736781013.960223	1178	5	65535	1	8	4	224	-1	-1	4	0	-1	0	8	2	1	14	14	0020
1736781013.964135	1178	9	65534	1	1	4	56	-1	-1	4	0	-1	0	8	2	1	1	14	0004
1736781013.972257	1179	7	9595	1	9	8	1808	1256	552	7	0	0	2	0	3	1	2	45	010025120808
1736781013.978287	1180	3	45122	1	10	11	8704	1736	6968	7	1	1	6	56	2	3	0	45	85bbbf779590
1736781013.981385	1180	5	65535	1	8	4	224	-1	-1	4	0	-1	0	8	2	1	13	14	0020
1736781013.984295	1180	9	65534	1	1	4	56	-1	-1	4	0	-1	0	8	2	1	1	14	0004
1736781013.998174	1182	3	9595	1	9	8	1808	1256	552	7	1	1	7	0	3	1	3	45	008043930908
1736781014.000147	1182	5	65535	1	8	4	224	-1	-1	4	0	-1	0	8	2	1	13	14	0020
1736781014.004264	1182	9	65534	1	1	4	56	-1	-1	4	0	-1	0	8	2	1	2	14	0004
1736781014.006266	1183	1	6255	1	8	75	10680	10680	0	7	0	0	0	32	3	2	0	45	7ffff4100048
1736781014.007753	1183	2	6255	1	8	75	10680	10680	0	7	1	0	1	24	3	2	1	45	7ffff8910048
1736781014.009206	1183	3	6255	1	9	75	11832	11832	0	7	0	1	2	8	3	2	2	45	7ffffd120148
1736781014.010573	1183	4	6255	1	9	75	11832	11832	0	7	0	0	3	8	3	2	3	45	7ffff1920048
1736781014.012249	1183	5	6255	1	9	75	11832	11832	0	7	1	1	4	32	3	2	4	45	7ffff6130148
1736781014.013911	1183	6	6255	1	10	75	11832	11832	0	7	1	0	5	16	3	2	5	45	7ffffa950048
1736781014.015354	1183	7	6255	1	9	75	11832	11832	0	7	0	0	6	32	3	2	6	45	7fffff120048
1736781014.016919	1183	8	6255	1	10	75	11832	11832	0	7	0	0	7	24	3	2	7	45	7ffff3940048
1736781014.018539	1183	9	6255	1	9	75	11832	11832	0	7	1	0	0	32	2	2	8	45	7ffffc130048
1736781014.020184	1184	0	6255	1	9	75	11832	11832	0	7	0	0	1	32	3	2	9	45	7ffffc920048
1736781014.021845	1184	1	65535	1	12	8	328	-1	-1	4	0	-1	0	12	2	2	13	14	0830
1736781014.021845	1184	1	6255	1	11	59	10296	10296	0	7	1	1	2	32	3	2	10	45	3bbbf1170148
1736781014.023232	1184	2	6255	1	10	75	11832	11832	0	7	1	0	3	24	3	2	11	45	7ffff5950048
1736781014.024590	1184	3	6255	1	11	75	12960	12960	0	7	0	1	4	8	3	2	12	45	7ffffa160148
1736781014.026254	1184	4	6255	1	10	75	11832	11832	0	7	0	0	5	8	3	2	13	45	7ffffe940048
1736781014.027931	1184	5	65535	1	8	4	224	-1	-1	4	0	-1	0	12	2	2	14	14	0020
1736781014.027931	1184	5	6255	1	11	59	10296	10296	0	7	1	0	6	32	3	2	14	45	3bbbf3170048
1736781014.029491	1184	6	6255	1	10	75	11832	11832	0	7	1	0	7	16	3	2	15	45	7ffff7950048
1736781014.031062	1184	7	6255	1	11	75	12960	12960	0	7	0	0	0	32	3	2	16	45	7ffff8160048
1736781014.032494	1184	8	6255	1	10	68	10680	10680	0	7	1	0	1	24	3	2	17	45	7fefec950048
1736781014.034111	1184	9	65534	1	1	4	56	-1	-1	4	0	-1	0	12	2	2	3	14	0004
1736781014.034111	1184	9	6255	1	10	28	4392	4392	0	7	0	1	2	32	3	2	18	45	2181e1140148
1736781014.035621	1185	0	9595	1	7	16	3600	1928	1672	7	0	1	1	48	2	3	4	45	1980008e0d08
1736781014.038440	1185	1	6255	1	12	8	1608	1608	0	7	0	0	3	16	3	3	19	45	00006d980048
1736781014.041058	1185	2	65535	1	12	8	328	-1	-1	4	0	-1	0	12	2	3	14	14	0830
1736781014.041058	1185	2	6255	1	29	59	11832	11832	0	7	0	0	5	56	3	3	20	45	3bbbf2ba8048
1736781014.043761	1185	3	6255	1	9	12	1864	1864	0	7	1	1	4	8	3	2	21	45	0000e6130148
1736781014.057786	1186	0	65535	1	3	4	120	-1	-1	4	0	-1	0	12	2	3	15	14	000c
1736781014.063054	1186	3	61998	1	23	75	37888	37888	0	7	1	0	4	0	3	1	6	45	7ffff22f8060
1736781014.063539	1186	4	61998	1	24	75	40576	40576	0	7	1	0	5	0	3	1	7	45	7ffff6b18060
1736781014.064047	1186	5	61998	1	31	59	10296	10296	0	7	1	0	6	0	3	1	8	45	3bbbfb3f8060
1736781014.064047	1186	5	65535	1	8	4	224	-1	-1	4	0	-1	0	8	2	1	16	14	0020
1736781014.064410	1186	6	61998	1	22	75	35160	35160	0	7	0	0	0	0	3	1	9	45	7ffffc2c0060
1736781014.064917	1186	7	61998	1	23	75	37888	37888	0	7	0	0	1	0	3	1	10	45	7ffff0ae0060
1736781014.065440	1186	8	61998	1	21	59	25456	25456	0	7	1	0	7	0	3	1	11	45	7fcf97ab8060
1736781014.066693	1187	0	61998	1	21	75	32856	32856	0	7	0	0	3	0	3	1	12	45	7ffff9aa0060
1736781014.067200	1187	1	61998	1	22	75	35160	35160	0	7	0	0	4	0	3	1	13	45	7ffffe2c0060
1736781014.068322	1187	3	61998	1	18	75	24496	24496	0	7	0	0	6	8	2	1	14	45	7fffff240060
1736781014.071895	1188	3	3885	1	27	75	46888	46888	0	7	1	0	2	0	3	1	0	45	7ffff1370050
1736781014.072410	1188	6	3885	1	27	75	46888	46888	0	7	1	0	5	0	3	1	1	45	7ffff6b70050
1736781014.074602	1188	9	3885	1	22	4	1864	1864	0	7	1	0	7	0	3	2	2	45	874003ad0050
1736781014.074602	1188	9	65534	1	1	4	56	-1	-1	4	0	-1	0	12	2	2	4	14	0004
1736781014.076064	1189	0	3885	1	23	16	17136	7992	9144	7	0	1	0	8	2	1	3	45	1818002e3308
1736781014.077439	1189	2	3885	1	26	75	45352	45352	0	7	1	0	3	4	2	1	4	45	7ffff9b58050
1736781014.079521	1189	5	3885	1	21	16	16112	6968	9144	7	0	1	5	8	2	1	5	45	001a4eaa3308
1736781014.082018	1189	9	61998	1	18	75	24496	24496	0	7	0	0	3	4	2	1	15	45	7ffffda40060
1736781014.086071	1190	5	65535	1	8	4	224	-1	-1	4	0	-1	0	8	2	1	14	14	0020
1736781014.090810	1191	2	9595	1	10	12	1864	1864	0	7	0	0	6	0	3	1	4	45	058003148050
1736781014.094717	1191	8	45122	1	12	16	6032	3240	2792	7	0	1	5	8	3	2	1	45	018182981708
1736781014.096366	1191	9	45122	1	12	16	6032	3240	2792	7	0	0	1	24	3	2	2	45	018184981608
1736781014.097776	1192	0	65535	1	4	4	136	-1	-1	4	0	-1	0	12	2	3	13	14	0010
1736781014.097776	1192	0	45122	1	7	56	13424	6712	6712	7	1	0	4	24	3	3	3	45	3bbbe60f0e08
1736781014.100251	1192	1	45122	1	13	12	4816	2728	2088	7	1	0	6	0	3	2	4	45	01808b1b1608
1736781014.101876	1192	2	45122	1	13	12	4816	2728	2088	7	0	0	7	24	3	2	5	45	01810f9a1608
1736781014.103436	1192	3	45122	1	13	12	4816	2728	2088	7	0	1	0	32	3	2	6	45	0181001a1708
1736781014.104845	1192	4	45122	1	13	12	4816	2728	2088	7	0	1	2	32	3	2	7	45	0181051a1708
1736781014.106186	1192	5	65535	1	8	4	224	-1	-1	4	0	-1	0	12	2	2	14	14	0020
1736781014.107838	1192	6	45122	1	9	12	2896	1864	1032	7	0	0	3	24	3	2	8	45	03800d920a08
1736781014.112103	1192	9	65534	1	3	8	120	-1	-1	4	0	-1	0	8	2	1	5	14	080c
1736781014.112660	1193	0	9595	1	3	8	1536	440	1096	7	0	1	5	0	3	1	5	45	180002861100
1736781014.117154	1193	4	65535	1	7	48	208	-1	-1	4	0	-1	0	8	2	2	14	14	2d9c
1736781014.137561	1194	5	65535	1	8	4	224	-1	-1	4	0	-1	0	12	2	2	15	14	0020
1736781014.145682	1194	9	9595	1	4	8	1648	552	1096	7	1	1	2	0	3	2	6	45	180001091100
1736781014.162680	1195	9	9595	1	7	12	2320	1480	840	7	0	1	4	0	3	2	7	45	01808e0e0900
1736781014.171895	1196	5	65535	1	8	4	224	-1	-1	4	0	-1	0	12	2	2	15	14	0020
1736781014.175560	1196	9	65534	1	1	4	56	-1	-1	4	0	-1	0	12	2	2	6	14	0004
1736781014.202334	1200	5	65535	1	8	4	224	-1	-1	4	0	-1	0	8	2	1	14	14	0020
1736781014.204616	1201	2	65535	1	12	8	328	-1	-1	4	0	-1	0	12	2	3	15	14	0830
1736781014.209597	1201	9	9595	1	0	8	0	0	0	7	1	1	3	0	3	1	7	45	010045814b90
1736781014.221755	1203	8	32687	1	14	8	2704	2024	680	7	1	1	2	4	1	1	0	45	f7f0814bdd20
1736781014.226687	1204	5	65535	1	8	4	224	-1	-1	4	0	-1	0	8	2	1	14	14	0020
1736781014.232722	1205	4	7307	0	12	4	776	-1	-1	0	1	-1	6	0	3	1	1	27	046d9440
1736781014.238369	1206	2	7307	0	12	4	776	-1	-1	0	1	-1	6	0	3	1	2	27	04799440
1736781014.240346	1206	5	65535	1	8	4	224	-1	-1	4	0	-1	0	8	2	1	14	14	0020
1736781014.244710	1206	9	65534	1	1	4	56	-1	-1	4	0	-1	0	12	2	3	4	14	0004
1736781014.244710	1206	9	26941	1	1	59	8352	2152	6200	7	1	1	2	56	3	3	1	45	3bbbf9030d00
1736781014.247247	1207	0	7307	0	12	4	776	-1	-1	0	1	-1	6	32	3	2	3	27	04919440
1736781014.252793	1207	7	45122	1	11	52	19824	9144	10680	7	1	0	5	24	3	2	8	45	5ff98e971800
1736781014.256335	1207	9	45122	1	9	24	8528	3752	4776	7	1	1	1	32	3	2	9	45	079104931900
1736781014.257785	1208	0	65535	1	4	4	136	-1	-1	4	0	-1	0	12	2	2	13	14	0010
1736781014.257785	1208	0	45122	1	9	24	8016	3752	4264	7	0	1	4	32	3	2	10	45	031986121700
1736781014.263307	1208	5	65535	1	8	4	224	-1	-1	4	0	-1	0	8	2	1	14	14	0020
1736781014.283187	1210	8	26941	1	0	20	1696	536	1160	7	1	1	3	24	3	3	2	45	386005810700
1736781014.285692	1210	9	6970	1	13	75	16992	16992	0	7	1	0	1	16	3	3	0	45	7ffff89b0058
1736781014.288197	1211	0	6970	1	12	12	2408	2408	0	7	0	0	2	0	3	1	1	45	001849180058
1736781014.292110	1211	6	26941	1	0	24	2384	648	1736	7	1	1	4	40	3	3	3	45	784022010900
1736781014.301663	1212	5	65535	1	8	4	224	-1	-1	4	0	-1	0	8	2	1	12	14	0020
1736781014.315238	1214	0	9595	1	10	8	2224	1256	968	7	1	1	6	4	2	1	4	45	01800f158f88
1736781014.320276	1214	5	65535	1	8	4	224	-1	-1	4	0	-1	0	8	2	1	12	14	0020
1736781014.336152	1216	1	65535	1	12	8	328	-1	-1	4	0	-1	0	8	2	1	10	14	0830
1736781014.337267	1216	2	6970	1	15	75	21384	21384	0	7	0	0	0	0	3	1	2	45	7ffffc1e0058
1736781014.338236	1216	3	6970	1	16	75	22920	22920	0	7	0	0	1	0	3	1	3	45	7ffff0a00058
1736781014.340175	1216	5	6970	1	16	59	18336	18336	0	7	1	0	3	0	3	1	4	45	3bbbf9a10058
1736781014.340175	1216	5	65535	1	8	4	224	-1	-1	4	0	-1	0	8	2	1	11	14	0020
1736781014.341250	1216	6	6970	1	15	75	21384	21384	0	7	0	1	4	0	3	1	5	45	7ffffe1e0158
1736781014.344323	1216	9	6970	1	16	59	18336	18336	0	7	1	0	7	0	3	1	6	45	3bbbfba10058
1736781014.344323	1216	9	65534	1	3	8	120	-1	-1	4	0	-1	0	8	2	1	2	14	080c
1736781014.346290	1217	1	6970	1	17	39	11832	11832	0	7	1	0	1	0	3	1	7	45	1e387ca30058
1736781014.347268	1217	2	65535	1	12	8	328	-1	-1	4	0	-1	0	8	2	1	11	14	0830
1736781014.348256	1217	3	6970	1	17	36	11064	11064	0	7	0	0	3	0	3	1	8	45	1e586da20058
1736781014.351154	1217	6	6970	1	17	51	15840	15840	0	7	0	0	6	0	3	1	9	45	7ff81b220058
1736781014.355235	1218	0	65535	1	3	4	120	-1	-1	4	0	-1	0	8	2	1	12	14	000c
1736781014.365397	1219	0	9595	1	7	16	3600	1928	1672	7	1	1	7	4	2	1	2	45	0281238f0d08
1736781014.375352	1220	0	65535	1	0	4	40	-1	-1	4	0	-1	0	8	2	1	12	14	0000
1736781014.380359	1220	5	65535	1	8	4	224	-1	-1	4	0	-1	0	8	2	1	13	14	0020
1736781014.395386	1222	0	65535	1	12	8	328	-1	-1	4	0	-1	0	8	2	1	12	14	0830
1736781014.397332	1222	2	45122	1	12	32	14704	6456	8248	7	0	1	6	32	3	2	3	45	0781ef181d00
1736781014.401483	1222	5	65535	1	8	4	224	-1	-1	4	0	-1	0	8	2	1	13	14	0020
1736781014.403396	1222	8	45122	1	9	16	5776	2536	3240	7	1	1	7	0	3	2	4	45	0500af931900
1736781014.403396	1222	8	6970	1	11	59	20592	10296	10296	7	0	1	1	8	2	2	10	45	7aff5c961708
1736781014.403396	1222	8	7525	1	18	24	7736	-1	-1	3	1	-1	7	28	2	2	0	27	9b825fc0
1736781014.404655	1222	9	6970	1	12	59	22128	11832	10296	7	1	1	2	8	2	2	11	45	3bbbf1191708
1736781014.404655	1222	9	65534	1	1	4	56	-1	-1	4	0	-1	0	12	2	2	2	14	0004
1736781014.407043	1223	1	6970	1	12	75	28224	15264	12960	7	0	0	4	0	3	1	12	45	7ffff6181608
1736781014.407538	1223	2	6970	1	11	71	25152	12576	12576	7	0	1	5	8	3	2	13	45	7efffa961708
1736781014.409248	1223	3	6970	1	12	75	28224	15264	12960	7	1	1	6	0	3	1	14	45	7fffff191708
1736781014.409745	1223	4	6970	1	13	75	29952	16992	12960	7	1	1	7	0	3	1	15	45	7ffff39b1708
1736781014.410363	1223	5	6970	1	13	75	29952	16992	12960	7	1	1	0	0	3	1	16	45	7ffff41b1708
1736781014.411288	1223	6	6970	1	11	59	20592	10296	10296	7	0	1	1	0	3	1	17	45	7bd9f8961708
1736781014.412262	1223	7	6970	1	12	71	25176	14112	11064	7	0	0	2	24	3	2	18	45	7efffd181408
1736781014.413882	1223	8	6970	1	13	75	29952	16992	12960	7	0	0	3	0	3	1	19	45	7ffff19a1608
1736781014.414394	1223	9	6970	1	12	71	25176	14112	11064	7	1	1	4	16	3	2	20	45	7efffe191508
1736781014.415896	1224	0	65535	1	4	4	136	-1	-1	4	0	-1	0	8	2	1	14	14	0010
1736781014.420277	1224	5	65535	1	8	4	224	-1	-1	4	0	-1	0	12	2	2	15	14	0020
1736781014.422001	1224	6	6970	1	0	75	0	0	0	7	0	0	3	16	3	2	21	45	7ffff5805690
1736781014.423550	1224	7	6970	1	0	71	0	0	0	7	1	1	4	24	3	2	22	45	7fdffa015590
1736781014.440267	1226	5	65535	1	8	4	224	-1	-1	4	0	-1	0	8	2	1	15	14	0020
1736781014.460348	1228	5	65535	1	8	4	224	-1	-1	4	0	-1	0	8	2	1	14	14	0020
1736781014.484252	1230	9	6970	1	10	8	1808	1256	552	7	0	0	6	0	3	1	23	45	20004b140808
1736781014.484252	1230	9	65534	1	1	4	56	-1	-1	4	0	-1	0	8	2	1	2	14	0004
1736781014.492266	1231	7	6970	1	10	8	1256	1256	0	7	0	0	6	0	3	1	22	45	40002f148050
1736781014.496176	1232	1	65535	1	12	8	328	-1	-1	4	0	-1	0	8	2	1	14	14	0830
1736781014.500256	1232	5	65535	1	8	4	224	-1	-1	4	0	-1	0	12	2	2	15	14	0020
1736781014.507548	1233	2	65535	1	12	8	328	-1	-1	4	0	-1	0	8	2	1	15	14	0830
1736781014.515353	1234	0	65535	1	3	4	120	-1	-1	4	0	-1	0	8	2	1	16	14	000c
1736781014.520390	1234	5	65535	1	8	4	224	-1	-1	4	0	-1	0	8	2	1	17	14	0020
1736781014.524357	1234	9	65534	1	5	8	144	-1	-1	4	0	-1	0	8	2	1	3	14	0814
1736781014.540197	1236	5	65535	1	8	4	224	-1	-1	4	0	-1	0	8	2	1	16	14	0020
1736781014.542183	1236	7	6970	1	8	56	16496	7736	8760	7	0	0	7	24	3	2	19	45	79f9e3901200
1736781014.543656	1236	8	9595	1	8	8	2192	1096	1096	7	1	1	3	12	2	2	1	45	000605911100
1736781014.543656	1236	8	6970	1	8	67	20208	9528	10680	7	0	0	0	16	3	2	20	45	7ff9f4101200
1736781014.544969	1236	9	6970	1	8	75	22512	10680	11832	7	1	0	1	16	3	2	20	45	7ffff8911200
1736781014.546547	1237	0	6970	1	8	75	22512	10680	11832	7	1	1	2	0	3	1	21	45	7ffff9111300
1736781014.547005	1237	1	6970	1	9	75	23664	11832	11832	7	1	0	5	0	3	1	22	45	7ffffe931400
1736781014.547461	1237	2	6970	1	9	75	23664	11832	11832	7	1	1	3	0	3	1	22	45	7ffff1931500
1736781014.548341	1237	3	6970	1	8	71	19824	9912	9912	7	0	0	4	16	3	2	22	45	7efffe101000
1736781014.549959	1237	4	6970	1	9	75	23664	11832	11832	7	1	1	6	0	3	1	23	45	7ffff3131500
1736781014.550427	1237	5	6970	1	8	75	22512	10680	11832	7	1	1	7	0	3	1	24	45	7ffff7911300
1736781014.551258	1237	6	6970	1	9	75	23664	11832	11832	7	1	1	0	0	3	1	25	45	7ffff8131500
1736781014.552341	1237	7	6970	1	8	75	22512	10680	11832	7	1	0	1	0	3	1	25	45	7ffffc919280
1736781014.554285	1237	9	6970	1	9	75	23664	11832	11832	7	1	0	5	16	3	2	26	45	7ffff6939480
1736781014.555757	1238	0	6970	1	9	75	23664	11832	11832	7	1	1	3	8	3	2	27	45	7ffff5939580
1736781014.557393	1238	1	6970	1	8	71	19824	9912	9912	7	0	0	4	32	3	2	28	45	7dfffa109080
1736781014.558990	1238	2	6970	1	9	75	23664	11832	11832	7	1	1	6	8	3	2	29	45	7fffff139580
1736781014.563218	1238	5	65535	1	8	4	224	-1	-1	4	0	-1	0	8	2	1	14	14	0020
1736781014.575399	1240	0	65535	1	4	4	136	-1	-1	4	0	-1	0	8	2	1	15	14	0010
1736781014.580310	1240	5	65535	1	8	4	224	-1	-1	4	0	-1	0	8	2	1	15	14	0020
1736781014.585159	1240	9	65534	1	1	4	56	-1	-1	4	0	-1	0	8	2	1	3	14	0004
1736781014.596535	1241	6	6970	1	5	75	12064	6712	5352	7	0	1	1	16	3	2	30	45	7ffff08a0908
1736781014.598100	1241	7	6970	1	5	75	12064	6712	5352	7	0	0	2	24	3	2	31	45	7ffffd0a0808
1736781014.599453	1241	8	6970	1	5	75	12064	6712	5352	7	0	1	5	16	3	2	32	45	7ffff28a0908
1736781014.600797	1241	9	6970	1	5	75	12064	6712	5352	7	0	0	3	16	3	2	33	45	7ffff58a0808
1736781014.602256	1242	0	6970	1	5	75	12064	6712	5352	7	1	1	4	8	3	2	34	45	7ffff60b0908
1736781014.603629	1242	1	6970	1	6	75	13088	7736	5352	7	0	0	6	32	3	2	35	45	7ffffb0c0808
1736781014.604769	1242	2	6970	1	5	75	11104	6712	4392	7	1	1	7	8	3	2	36	45	7fffff8b0708
1736781014.606191	1242	3	6970	1	5	75	11104	6712	4392	7	1	1	0	16	3	2	37	45	7ffff00b0708
1736781014.607415	1242	4	6970	1	6	12	2064	1224	840	7	1	0	1	16	3	2	38	45	1800448d0808
1736781014.608724	1242	5	65535	1	8	4	224	-1	-1	4	0	-1	0	12	2	2	14	14	0020
1736781014.621386	1243	9	9595	1	6	8	2064	808	1256	7	0	0	6	0	3	1	1	45	00060f0c9488
1736781014.625287	1244	5	65535	1	8	4	224	-1	-1	4	0	-1	0	8	2	1	13	14	0020
1736781014.632427	1245	6	6970	1	7	75	15856	9144	6712	7	1	1	2	16	3	2	26	45	7ffff10f0b08
1736781014.633952	1245	7	6970	1	7	75	15856	9144	6712	7	1	0	5	24	3	2	27	45	7ffff68f0a08
1736781014.635382	1245	8	6970	1	7	75	15856	9144	6712	7	1	1	3	16	3	2	28	45	7ffff98f0b08
1736781014.636963	1245	9	6970	1	7	75	14496	9144	5352	7	0	0	4	16	3	2	29	45	7ffffe0e0808
1736781014.638413	1246	0	6970	1	7	75	15856	9144	6712	7	1	1	6	8	3	2	30	45	7fffff0f0b08
1736781014.640004	1246	1	6970	1	7	16	4464	1928	2536	7	0	0	7	32	3	2	31	45	7800038e1408
1736781014.644400	1246	5	65535	1	8	4	224	-1	-1	4	0	-1	0	8	2	1	13	14	0020
1736781014.656284	1248	1	65535	1	12	8	328	-1	-1	4	0	-1	0	8	2	1	13	14	0830
1736781014.660405	1248	5	65535	1	8	4	224	-1	-1	4	0	-1	0	8	2	1	14	14	0020
1736781014.665895	1248	9	9595	1	4	12	1520	840	680	7	0	0	0	0	3	1	2	45	018200080608
1736781014.665895	1248	9	65534	1	3	8	120	-1	-1	4	0	-1	0	8	2	1	3	14	080c
1736781014.667581	1249	2	65535	1	12	8	328	-1	-1	4	0	-1	0	8	2	1	14	14	0830
1736781014.675421	1250	0	65535	1	3	4	120	-1	-1	4	0	-1	0	8	2	1	15	14	000c
1736781014.679295	1250	4	6970	0	4	5	328	-1	-1	0	1	-1	0	0	2	1	0	27	65749780
1736781014.680256	1250	5	65535	1	8	4	224	-1	-1	4	0	-1	0	8	2	1	16	14	0020
1736781014.684252	1250	9	65534	1	1	4	56	-1	-1	4	0	-1	0	8	2	1	4	14	0004
1736781014.700237	1252	5	65535	1	8	4	224	-1	-1	4	0	-1	0	8	2	1	16	14	0020
1736781014.709360	1253	4	3902	0	29	1	0	-1	-1	0	1	-1	6	8	2	1	0	27	00ebb440
1736781014.712254	1253	7	9595	1	2	44	3600	1992	1608	7	0	0	7	0	3	1	3	45	6197ef840208
1736781014.720273	1254	5	65535	1	8	4	224	-1	-1	4	0	-1	0	8	2	1	14	14	0020
1736781014.724364	1254	9	65534	1	1	4	56	-1	-1	4	0	-1	0	8	2	1	4	14	0004
1736781014.726298	1255	1	9595	1	1	24	1936	872	1064	7	1	0	5	0	3	1	4	45	6001ee830408
1736781014.735421	1256	0	65535	1	4	4	136	-1	-1	4	0	-1	0	8	2	1	14	14	0010
1736781014.740205	1256	5	65535	1	8	4	224	-1	-1	4	0	-1	0	12	2	2	15	14	0020
1736781014.755262	1258	0	9595	1	4	12	1872	840	1032	7	0	0	2	0	3	1	4	45	200065080a08
1736781014.761203	1258	5	65535	1	8	4	224	-1	-1	4	0	-1	0	8	2	1	15	14	0020
1736781014.765217	1259	0	56517	1	0	4	88	88	0	7	1	1	1	32	3	2	0	45	000204810158
1736781014.767253	1259	2	56517	1	4	4	256	256	0	7	0	0	3	24	3	2	1	45	000025880058
1736781014.780216	1260	5	65535	1	8	4	224	-1	-1	4	0	-1	0	8	2	1	14	14	0020
1736781014.784780	1260	9	65534	1	1	4	56	-1	-1	4	0	-1	0	12	2	2	4	14	0004
1736781014.791359	1261	2	34828	0	8	4	536	-1	-1	0	0	-1	4	24	3	2	0	27	04710440
1736781014.805640	1262	0	34828	0	8	4	536	-1	-1	0	0	-1	4	16	3	2	1	27	04750440
1736781014.815297	1262	5	65535	1	8	4	224	-1	-1	4	0	-1	0	12	2	2	14	14	0020
1736781014.820895	1262	8	34828	0	8	4	536	-1	-1	0	0	-1	4	24	3	2	2	27	046d0440
1736781014.822455	1262	9	65534	1	5	8	144	-1	-1	4	0	-1	0	12	2	2	4	14	0814
1736781014.846291	1264	1	65535	1	12	8	328	-1	-1	4	0	-1	0	12	2	2	14	14	0830
1736781014.853315	1264	5	65535	1	8	4	224	-1	-1	4	0	-1	0	12	2	2	15	14	0020
1736781014.874061	1268	0	9595	1	3	24	2256	1384	872	7	1	0	1	0	3	1	4	45	0181e4870200
1736781014.885543	1269	9	6970	1	10	12	2544	1864	680	7	0	0	0	16	3	2	0	45	08006c140608
1736781014.887130	1270	0	47681	1	0	4	176	88	88	7	0	1	1	40	3	3	0	45	100004800108
1736781014.887130	1270	0	47681	0	5	1	72	-1	-1	0	0	-1	4	32	3	3	0	27	0118a400
1736781014.892358	1270	5	65535	1	8	4	224	-1	-1	4	0	-1	0	8	2	1	13	14	0020
1736781014.893600	1270	7	6970	1	10	12	1864	1864	0	7	0	0	0	24	3	2	1	45	002060148050
1736781014.910693	1272	5	65535	1	8	4	224	-1	-1	4	0	-1	0	8	2	1	11	14	0020
1736781014.913448	1272	9	9595	1	9	4	872	616	256	7	1	1	6	0	3	1	4	45	000083130900
1736781014.913448	1272	9	65534	1	1	4	56	-1	-1	4	0	-1	0	8	2	1	4	14	0004
1736781014.916108	1273	2	9595	1	9	8	1808	1256	552	7	1	1	0	0	3	1	5	45	0000c8130900
1736781014.925049	1274	5	65535	1	8	4	224	-1	-1	4	0	-1	0	8	2	1	11	14	0020
1736781014.936610	1275	8	59320	1	16	7	6160	2152	4008	7	0	1	6	2	1	1	0	45	cd2857207308
1736781014.941177	1276	5	65535	1	8	4	224	-1	-1	4	0	-1	0	8	2	1	11	14	0020
1736781014.980237	1280	5	65535	1	8	4	224	-1	-1	4	0	-1	0	8	2	1	9	14	0020
1736781014.984130	1280	9	65534	1	1	4	56	-1	-1	4	0	-1	0	8	2	1	3	14	0004
1736781014.987216	1281	2	65535	1	12	8	328	-1	-1	4	0	-1	0	8	2	1	9	14	0830
1736781014.995180	1282	0	65535	1	3	4	120	-1	-1	4	0	-1	0	8	2	1	10	14	000c
1736781015.001665	1282	5	65535	1	8	4	224	-1	-1	4	0	-1	0	8	2	1	11	14	0020
1736781015.004212	1282	9	65534	1	1	4	56	-1	-1	4	0	-1	0	8	2	1	4	14	0004
1736781015.018107	1284	0	65535	1	0	4	40	-1	-1	4	0	-1	0	8	2	1	11	14	0000
1736781015.021414	1284	5	65535	1	8	4	224	-1	-1	4	0	-1	0	8	2	1	12	14	0020
1736781015.025327	1285	0	9595	1	0	52	2832	1416	1416	7	1	1	2	0	3	1	3	45	7c97e1010100
1736781015.029597	1285	4	46705	0	0	6	152	-1	-1	0	0	-1	6	12	1	1	0	27	460c0980
1736781015.035217	1286	0	65535	1	12	8	328	-1	-1	4	0	-1	0	12	2	2	12	14	0830
1736781015.040241	1286	5	65535	1	8	4	224	-1	-1	4	0	-1	0	8	2	1	12	14	0020
1736781015.044190	1286	9	65534	1	3	8	120	-1	-1	4	0	-1	0	8	2	1	3	14	080c
1736781015.053244	1287	8	9595	1	2	72	3240	3240	0	7	0	0	4	32	3	2	4	45	7fffe2040050
1736781015.056634	1288	0	65535	1	4	4	136	-1	-1	4	0	-1	0	8	2	1	12	14	0010
1736781015.064540	1288	9	57349	1	14	27	6968	-1	-1	5	0	-1	1	8	2	1	0	29	bda38af0
1736781015.065251	1289	0	9595	1	2	75	3368	3368	0	7	1	0	3	8	3	2	4	45	7ffff1850050
1736781015.080601	1290	5	65535	1	8	4	224	-1	-1	4	0	-1	0	8	2	1	13	14	0020
1736781015.116185	1294	1	57349	0	20	32	13536	-1	-1	0	1	-1	5	0	2	1	0	27	34b69a40
1736781015.120229	1294	5	65535	1	8	4	224	-1	-1	4	0	-1	0	8	2	1	12	14	0020
1736781015.127449	1295	0	9595	1	2	44	1992	1992	0	7	0	1	6	8	3	2	3	45	605fe3040150
1736781015.129157	1295	1	9595	1	3	36	2088	2088	0	7	0	1	0	8	3	2	4	45	0077ec060150
1736781015.133277	1295	4	34828	0	0	4	88	-1	-1	0	0	-1	2	0	3	1	0	27	041c0400
1736781015.139848	1296	1	65535	1	12	8	328	-1	-1	4	0	-1	0	8	2	1	12	14	0830
1736781015.142692	1296	5	65535	1	8	4	224	-1	-1	4	0	-1	0	8	2	1	13	14	0020
1736781015.148004	1297	2	65535	1	12	8	328	-1	-1	4	0	-1	0	8	2	1	13	14	0830
1736781015.155370	1298	0	65535	1	3	4	120	-1	-1	4	0	-1	0	8	2	1	14	14	000c
1736781015.160693	1298	5	7307	0	23	12	5992	-1	-1	0	0	-1	1	8	1	1	0	27	7d8eec20
1736781015.164237	1298	9	65534	1	3	8	120	-1	-1	4	0	-1	0	8	2	1	3	14	080c
1736781015.175460	1300	0	12337	0	29	1	0	-1	-1	0	0	-1	0	0	3	1	0	27	001fa440
1736781015.180211	1300	5	65535	1	8	4	224	-1	-1	4	0	-1	0	8	2	1	15	14	0020
1736781015.200319	1302	5	65535	1	8	4	224	-1	-1	4	0	-1	0	8	2	1	13	14	0020
1736781015.204312	1302	9	65534	1	1	4	56	-1	-1	4	0	-1	0	8	2	1	3	14	0004
1736781015.215308	1304	0	65535	1	4	4	136	-1	-1	4	0	-1	0	8	2	1	13	14	0010
1736781015.220232	1304	5	65535	1	8	4	224	-1	-1	4	0	-1	0	8	2	1	13	14	0020
1736781015.224232	1304	9	65534	1	1	4	56	-1	-1	4	0	-1	0	8	2	1	3	14	0004
1736781015.240348	1306	5	65535	1	8	4	224	-1	-1	4	0	-1	0	8	2	1	12	14	0020
1736781015.260392	1308	5	65535	1	8	4	224	-1	-1	4	0	-1	0	8	2	1	11	14	0020
1736781015.264334	1308	9	65534	1	1	4	56	-1	-1	4	0	-1	0	8	2	1	3	14	0004
1736781015.274234	1309	9	9595	1	2	39	1736	1736	0	7	0	1	7	32	3	2	2	45	005fff840150
1736781015.280496	1310	5	65535	1	8	4	224	-1	-1	4	0	-1	0	8	2	1	12	14	0020
1736781015.285072	1310	9	65534	1	3	8	120	-1	-1	4	0	-1	0	8	2	1	4	14	080c
1736781015.289218	1311	4	33747	1	25	51	42256	29296	12960	7	0	0	6	6	1	1	0	45	7afb1f5cf218
1736781015.296340	1312	1	65535	1	12	8	328	-1	-1	4	0	-1	0	8	2	1	12	14	0830
1736781015.300293	1312	5	65535	1	8	4	224	-1	-1	4	0	-1	0	12	2	2	13	14	0020
1736781015.307562	1312	9	65534	1	1	4	56	-1	-1	4	0	-1	0	12	2	2	5	14	0004
1736781015.314601	1313	2	65535	1	12	8	328	-1	-1	4	0	-1	0	12	2	2	14	14	0830
1736781015.330817	1314	0	59138	1	8	59	8248	8248	0	7	1	0	0	4	2	2	6	45	3bbbfc110050
1736781015.330817	1314	0	65535	1	3	4	120	-1	-1	4	0	-1	0	12	2	2	15	14	000c
1736781015.341023	1314	5	65535	1	8	4	224	-1	-1	4	0	-1	0	12	2	2	16	14	0020
1736781015.406304	1321	7	56517	1	28	6	4648	4392	256	7	0	0	1	2	1	1	0	45	ac0a5cb844e0
1736781015.409540	1322	1	56893	1	0	75	2088	2088	0	7	1	0	0	8	3	2	0	45	7ffff8010050
1736781015.412222	1322	3	15885	1	0	4	88	88	0	7	1	0	1	24	3	2	0	45	400004810040
1736781015.417424	1322	7	56893	1	0	71	1992	1992	0	7	1	0	1	32	3	2	1	45	3ffff0810050
1736781015.419206	1322	8	56893	1	0	75	2088	2088	0	7	1	0	2	32	3	2	2	45	7ffffd010050
1736781015.420998	1322	9	56893	1	0	75	2088	2088	0	7	1	0	3	8	3	2	3	45	7ffff1810050
1736781015.422892	1323	0	9595	1	7	24	2984	2984	0	7	1	1	5	32	3	3	1	45	0780628f0150
1736781015.434474	1323	8	56893	1	0	75	2088	2088	0	7	1	0	2	32	3	3	4	45	7ffff1010050
1736781015.437343	1323	9	56893	1	0	75	2088	2088	0	7	1	0	3	16	3	3	5	45	7ffffd810050
1736781015.440318	1324	0	9595	1	7	24	2984	2984	0	7	1	1	5	8	3	2	2	45	07806e8f8150
1736781015.442699	1324	2	15885	1	0	16	424	424	0	7	1	0	2	8	3	2	1	45	114405010040
1736781015.442699	1324	2	26941	0	5	30	2664	-1	-1	0	0	-1	2	28	0	2	0	27	22a0a6c0
1736781015.445654	1324	5	65535	1	8	4	224	-1	-1	4	0	-1	0	12	2	2	11	14	0020
1736781015.452588	1325	3	56893	1	9	48	13472	7480	5992	7	1	1	4	24	3	2	6	45	3df2a6130f08
1736781015.454316	1325	4	56893	1	12	48	16240	9528	6712	7	1	1	5	0	3	1	7	45	2e7cea991108
1736781015.454795	1325	5	15885	0	20	4	1736	-1	-1	0	0	-1	7	0	3	1	1	27	03f28440
1736781015.455272	1325	7	56893	1	9	28	7760	4392	3368	7	1	1	7	32	3	2	8	45	0c5d07930f08
1736781015.456996	1325	8	56893	1	12	36	12192	7224	4968	7	0	1	0	0	3	1	9	45	4ccb48181108
1736781015.457393	1326	0	56893	1	12	24	8144	4776	3368	7	0	1	1	0	3	1	10	45	15860c981108
1736781015.457867	1326	3	56893	1	11	32	10320	5736	4584	7	1	1	6	24	3	2	11	45	30da23179188
1736781015.459590	1326	5	65535	1	8	4	224	-1	-1	4	0	-1	0	12	2	2	11	14	0020
1736781015.459590	1326	5	56893	1	9	28	7760	4392	3368	7	1	1	7	32	3	2	12	45	13834b938f88
1736781015.461129	1326	7	56893	1	8	16	3888	2216	1672	7	0	1	2	32	3	2	13	45	001461100d08
1736781015.462864	1326	8	56893	1	12	24	8144	4776	3368	7	0	1	1	32	3	2	14	45	0885a4981108
1736781015.466731	1327	1	56893	1	0	32	0	0	0	7	1	1	6	56	3	3	15	45	5ca42f0151d0
1736781015.469631	1327	2	56893	1	0	24	0	0	0	7	1	1	3	16	3	2	16	45	263801804d90
1736781015.475353	1327	5	56893	1	7	16	3600	1928	1672	7	1	1	2	32	3	2	17	45	020a250f0d88
1736781015.483268	1328	0	9595	1	6	32	3368	3368	0	7	0	0	3	32	3	3	3	45	0783658c0050
1736781015.486108	1328	1	65535	1	12	8	328	-1	-1	4	0	-1	0	12	2	2	11	14	0830
1736781015.488792	1328	3	17625	1	0	4	88	88	0	7	1	0	1	32	3	2	0	45	008004810040
1736781015.492546	1328	5	65535	1	8	4	224	-1	-1	4	0	-1	0	12	2	2	11	14	0020
1736781015.492546	1328	5	56893	1	7	24	5072	2984	2088	7	0	0	5	32	3	2	18	45	018b428e0a08
1736781015.493983	1328	6	56893	1	7	36	7504	4392	3112	7	0	0	7	16	3	2	19	45	2c1ae78e0a08
1736781015.509445	1329	9	56893	1	7	24	5072	2984	2088	7	1	1	4	16	3	3	20	45	1340ce0f0b08
1736781015.509445	1329	9	17625	1	0	16	424	424	0	7	1	0	2	24	3	3	1	45	602105010040
1736781015.515889	1330	5	65535	1	8	4	224	-1	-1	4	0	-1	0	12	2	2	12	14	0020
1736781015.517806	1330	7	56893	1	8	16	3888	2216	1672	7	1	0	3	32	3	2	21	45	028881910c08
1736781015.519541	1330	9	56893	1	8	20	4880	2792	2088	7	1	1	5	0	3	2	22	45	18118a910d08
1736781015.519541	1330	9	65534	1	3	8	120	-1	-1	4	0	-1	0	12	2	2	3	14	080c
1736781015.521064	1331	1	56893	1	7	20	4208	2472	1736	7	0	1	0	8	3	2	23	45	48a04c0e0b08
1736781015.523308	1331	4	56893	1	8	12	2896	1672	1224	7	0	1	1	0	3	1	24	45	012208900d08
1736781015.524624	1331	8	56893	1	9	8	1936	1256	680	7	0	0	4	0	3	1	25	45	010042120a08
1736781015.525132	1331	9	56893	1	7	8	1648	968	680	7	1	1	6	16	3	3	26	45	1400070f0b08
1736781015.525132	1331	9	45122	1	9	28	10848	4392	6456	7	1	0	0	24	3	3	0	45	01b864131a00
1736781015.527724	1332	1	56893	1	9	8	2064	1256	808	7	0	1	3	0	3	1	27	45	100809920d08
1736781015.528232	1332	4	17625	0	4	1	56	-1	-1	0	1	-1	4	0	3	1	1	27	00489400
1736781015.528764	1332	7	17625	0	4	1	56	-1	-1	0	1	-1	7	16	3	2	2	27	00509400
1736781015.530502	1332	9	17625	0	8	1	120	-1	-1	0	1	-1	1	8	3	2	3	27	00591400
1736781015.532098	1333	1	17625	0	1	2	56	-1	-1	0	0	-1	3	0	3	1	4	27	01982400
1736781015.532610	1333	3	17625	0	5	2	144	-1	-1	0	0	-1	5	0	3	1	5	27	0194a400
1736781015.533115	1333	5	17625	0	4	3	208	-1	-1	0	0	-1	7	0	3	1	6	27	02ac8400
1736781015.533620	1333	7	17625	0	6	3	256	-1	-1	0	0	-1	1	0	3	1	7	27	02c4c400
1736781015.534130	1333	9	56893	1	5	32	2792	2792	0	7	1	1	0	8	3	2	28	45	1e1e0c0b0158
1736781015.534130	1333	9	17625	0	3	4	208	-1	-1	0	1	-1	3	4	2	2	8	27	03ec7400
1736781015.537356	1334	5	65535	1	8	4	224	-1	-1	4	0	-1	0	8	2	1	12	14	0020
1736781015.537356	1334	5	17625	0	4	5	328	-1	-1	0	1	-1	1	4	2	1	9	27	05189400
1736781015.538628	1334	8	17625	0	2	5	208	-1	-1	0	0	-1	4	0	2	1	10	27	05044400
1736781015.539271	1334	9	65534	1	1	4	56	-1	-1	4	0	-1	0	8	2	1	4	14	0004
1736781015.539897	1335	0	56893	1	5	12	1032	1032	0	7	1	1	7	8	2	1	29	45	100c038b0158
1736781015.539897	1335	0	17625	0	4	6	408	-1	-1	0	0	-1	6	4	2	1	11	27	065c8440
1736781015.540343	1335	1	17625	0	5	6	504	-1	-1	0	0	-1	7	4	2	1	12	27	065ca400
1736781015.541615	1335	3	56893	1	6	28	2984	2984	0	7	1	1	6	0	3	1	30	45	1a1e070d0158
1736781015.543607	1335	6	56893	1	7	28	3368	3368	0	7	0	0	4	8	2	1	31	45	1e0e020e0058
1736781015.544271	1335	7	56893	1	6	16	1672	1672	0	7	1	0	2	0	3	1	32	45	1610050d0058
1736781015.545488	1335	9	56893	1	6	36	3752	3752	0	7	0	0	1	0	3	2	33	45	1e1e4c8c0058
1736781015.547303	1336	0	65535	1	4	4	136	-1	-1	4	0	-1	0	12	2	2	12	14	0010
1736781015.547303	1336	0	56893	1	6	44	4584	4584	0	7	0	1	5	24	3	2	34	45	3b9a6e8c0158
1736781015.548705	1336	1	17625	1	0	4	88	88	0	7	1	0	3	8	3	2	2	45	010005810040
1736781015.553801	1336	3	56893	1	6	71	7480	7480	0	7	0	1	7	24	3	2	35	45	7feff38c0158
1736781015.555424	1336	4	56893	1	6	75	7736	7736	0	7	1	1	0	16	3	2	36	45	7ffff40d0158
1736781015.557193	1336	5	65535	1	8	4	224	-1	-1	4	0	-1	0	12	2	2	13	14	0020
1736781015.559094	1336	6	56893	1	6	48	4968	4968	0	7	1	1	3	16	3	2	37	45	5f9e4d8d0158
1736781015.560715	1336	7	17625	1	6	12	1224	1224	0	7	1	0	4	16	3	2	3	45	0011860d0058
1736781015.564417	1336	9	56893	1	6	44	4584	4584	0	7	0	1	5	8	3	2	38	45	1f5e4a8c0158
1736781015.566101	1337	0	56893	1	6	44	4584	4584	0	7	1	0	4	24	3	2	39	45	3e1e6a0d0058
1736781015.567788	1337	1	56893	1	6	71	7480	7480	0	7	0	1	7	0	3	2	40	45	7ff7ff8c0158
1736781015.571713	1337	3	56893	1	6	75	7736	7736	0	7	1	1	0	24	3	2	41	45	7ffffc0d0158
1736781015.573450	1337	4	56893	1	6	59	6200	6200	0	7	0	1	6	16	3	2	42	45	7dde730c0158
1736781015.574985	1337	5	56893	1	6	48	4968	4968	0	7	1	1	3	32	3	2	43	45	3fde058d0158
1736781015.576736	1337	6	51362	1	0	19	504	-1	-1	5	0	-1	6	8	2	2	0	29	ab9832c0
1736781015.578688	1337	7	56893	1	6	44	4584	4584	0	7	0	1	5	32	3	2	44	45	3e9e2e8c0158
1736781015.614493	1340	2	56893	1	5	16	1384	1384	0	7	1	1	5	16	3	2	45	45	060a068b0158
1736781015.614493	1340	2	7	1	13	46	488	-1	-1	3	0	-1	0	4	2	2	0	27	f4f9a1c0
1736781015.618633	1340	6	56893	1	5	16	1384	1384	0	7	1	1	0	24	3	3	46	45	06120c0b0158
1736781015.618633	1340	6	17625	1	1	4	144	144	0	7	1	0	5	40	3	3	4	45	010006830058
1736781015.621781	1341	1	56893	1	4	12	840	840	0	7	0	0	4	0	3	1	47	45	18008e080058
1736781015.622980	1341	5	56893	1	6	12	1224	1224	0	7	0	1	6	24	3	3	48	45	08300f0c0158
1736781015.622980	1341	5	9595	1	7	16	1928	1928	0	7	1	1	6	40	3	3	3	45	0008ef0f0150
1736781015.629465	1342	1	56893	1	9	36	5736	5736	0	7	1	0	1	8	2	1	49	45	1e1e88930058
1736781015.630147	1342	3	56893	1	7	35	4264	4264	0	7	0	1	0	16	3	3	50	45	1a1f100e0158
1736781015.633009	1342	5	56893	1	7	4	472	472	0	7	1	1	3	0	2	1	51	45	8740098f0158
1736781015.633009	1342	5	65535	1	8	4	224	-1	-1	4	0	-1	0	8	2	1	10	14	0020
1736781015.633482	1342	7	56893	1	9	39	6200	6200	0	7	1	1	5	0	3	1	52	45	1e1f12930158
1736781015.633992	1342	9	56893	1	7	4	472	472	0	7	0	0	1	0	2	1	53	45	8740008e0058
1736781015.633992	1342	9	65534	1	1	4	56	-1	-1	4	0	-1	0	8	2	1	2	14	0004
1736781015.634465	1343	1	56893	1	8	35	4968	4968	0	7	1	1	0	0	3	2	54	45	1e1e14110158
1736781015.639294	1344	2	56893	1	6	20	2088	2088	0	7	1	0	1	16	3	2	55	45	0a0e048d0058
1736781015.639294	1344	2	9595	1	6	20	2088	2088	0	7	1	1	7	24	3	2	4	45	0140e78d0150
1736781015.642363	1344	7	56893	1	11	8	1384	1384	0	7	1	1	3	0	3	1	56	45	001409970158
1736781015.643638	1344	9	56893	1	8	12	1672	1672	0	7	1	1	5	0	3	1	57	45	140202910158
1736781015.648991	1345	6	56893	1	9	63	9912	9912	0	7	1	0	2	0	3	1	58	45	7ffe31130058
1736781015.651501	1345	9	56893	1	7	48	5992	5992	0	7	1	0	1	8	3	2	59	45	5ebe4c8f0058
1736781015.659476	1346	3	56893	1	8	24	3368	3368	0	7	0	1	0	24	3	2	60	45	181e00100158
1736781015.667316	1346	7	56893	1	8	75	10680	10680	0	7	1	1	5	32	3	2	61	45	7ffff2910158
1736781015.672415	1346	9	56893	1	8	59	8248	8248	0	7	0	0	1	8	3	2	62	45	7ffe18900058
1736781015.672415	1346	9	45122	1	13	16	8592	3624	4968	7	1	1	3	32	3	2	1	45	0001e99b2108
1736781015.676938	1347	2	56893	1	9	59	9144	9144	0	7	0	1	6	16	3	2	63	45	7ffe13120158
1736781015.678685	1347	3	45122	1	13	16	8592	3624	4968	7	1	0	6	0	3	2	2	45	0001ef1b2008
1736781015.678685	1347	3	56893	1	8	59	8248	8248	0	7	0	1	3	24	3	2	64	45	7ffe1d900158
1736781015.682212	1347	5	45122	1	13	16	8592	3624	4968	7	0	1	0	8	3	2	3	45	0001e41a2108
1736781015.682212	1347	5	56893	1	8	59	8248	8248	0	7	0	1	5	32	3	2	65	45	7ffe16900158
1736781015.683637	1347	6	45122	1	14	16	9296	4136	5160	7	0	1	2	32	3	2	4	45	0001e91c2508
1736781015.685353	1347	7	45122	1	13	16	8592	3624	4968	7	0	0	3	24	3	2	5	45	0001ed9a2008
1736781015.687003	1347	9	56893	1	8	32	4584	4584	0	7	0	1	0	8	3	2	66	45	1e1e04100158
1736781015.687003	1347	9	45122	1	9	12	4592	1864	2728	7	1	1	1	32	3	2	6	45	0001a4931b08
1736781015.692680	1348	5	65535	1	8	4	224	-1	-1	4	0	-1	0	12	2	2	9	14	0020
1736781015.692680	1348	5	6970	1	4	59	8528	4264	4264	7	0	1	1	32	3	2	0	45	3bbbfc880900
1736781015.694253	1348	6	6970	1	3	59	6992	3496	3496	7	0	0	2	48	3	3	1	45	3bbbfd060600
1736781015.697201	1348	8	6970	1	1	4	144	144	0	7	0	1	3	16	3	2	2	45	200005820150
1736781015.697201	1348	8	54478	1	15	15	4264	-1	-1	3	0	-1	3	0	3	2	0	27	90c9ed80
1736781015.698623	1349	0	9595	1	6	27	2792	2792	0	7	0	1	5	8	3	2	5	45	0186728c0150
1736781015.706281	1349	9	56775	1	0	12	328	-1	-1	3	1	-1	0	12	2	2	0	27	cce40220
1736781015.712560	1350	4	6970	1	4	75	8720	5352	3368	7	1	1	4	16	3	2	3	45	7ffff6090508
1736781015.714300	1350	5	65535	1	8	4	224	-1	-1	4	0	-1	0	12	2	2	10	14	0020
1736781015.714300	1350	5	6970	1	5	59	7824	5160	2664	7	0	0	6	24	3	2	4	45	3bbbff0a0408
1736781015.715864	1350	8	6970	1	4	75	8720	5352	3368	7	1	0	1	16	3	2	5	45	7ffffc890408
1736781015.717614	1350	9	6970	1	4	75	9744	5352	4392	7	1	1	2	16	3	2	6	45	7ffff1090708
1736781015.721372	1351	2	6970	1	8	20	4208	2792	1416	7	0	0	4	8	3	2	7	45	68006e100808
1736781015.723247	1351	4	6970	1	8	16	3344	2216	1128	7	0	0	7	8	3	2	8	45	600063900808
1736781015.725128	1351	6	6970	1	7	12	2704	1480	1224	7	0	1	1	8	3	2	9	45	60002c8e0d08
1736781015.726986	1351	8	6970	1	8	16	3600	2216	1384	7	0	1	5	8	3	2	10	45	60006e900b08
1736781015.728809	1352	0	6970	1	5	59	8656	5160	3496	7	1	1	4	0	3	2	11	45	3bbbfe0b0708
1736781015.728809	1352	0	65535	1	4	4	136	-1	-1	4	0	-1	0	12	2	2	11	14	0010
1736781015.730346	1352	3	6970	1	8	16	3600	2216	1384	7	1	1	0	16	3	2	12	45	60006c110b08
1736781015.732071	1352	4	6970	1	7	12	2704	1480	1224	7	1	0	1	8	3	2	13	45	60004c8f0c08
1736781015.733897	1352	6	6970	1	8	16	3600	2216	1384	7	1	1	2	8	3	2	14	45	600065110b08
1736781015.735624	1352	7	6970	1	8	16	3600	2216	1384	7	1	0	5	24	3	2	15	45	60006e910a08
1736781015.737148	1353	0	6970	1	5	12	2256	1032	1224	7	1	1	6	24	3	3	16	45	60010f0b0d08
1736781015.737148	1353	0	9595	1	8	16	2216	2216	0	7	1	1	2	32	3	3	5	45	018061110150
1736781015.739648	1353	2	6970	1	5	12	1872	1032	840	7	0	0	0	8	3	3	17	45	6000400a0808
1736781015.747943	1354	3	56893	1	13	75	16992	16992	0	7	0	0	1	8	2	1	63	45	7ffff89a8050
1736781015.748620	1354	5	65535	1	8	4	224	-1	-1	4	0	-1	0	8	2	1	12	14	0020
1736781015.749261	1354	7	56893	1	7	75	9144	9144	0	7	1	1	3	0	3	1	63	45	7ffff98f0158
1736781015.750573	1355	0	56893	1	6	75	7736	7736	0	7	1	0	4	0	2	1	63	45	7ffff20d0058
1736781015.751998	1355	4	6970	1	8	12	2512	1672	840	7	0	1	1	24	3	3	18	45	400060900908
1736781015.751998	1355	4	56775	1	9	8	1256	1256	0	7	1	0	2	40	3	3	0	45	200405130058
1736781015.751998	1355	4	56893	1	6	55	5736	5736	0	7	0	1	6	56	3	3	64	45	1ffb9b0c0158
1736781015.754313	1355	6	56893	1	9	63	9912	9912	0	7	0	0	2	8	3	2	65	45	1fffd1120058
1736781015.754313	1355	6	6970	1	8	12	3152	1672	1480	7	0	1	5	16	3	2	19	45	60002e900f08
1736781015.755654	1355	7	56893	1	9	59	9144	9144	0	7	0	1	5	32	3	2	66	45	1fff96920158
1736781015.757398	1355	9	56893	1	9	59	9144	9144	0	7	0	0	1	8	3	2	67	45	1fff9c920058
1736781015.757398	1355	9	6970	1	8	16	3600	2216	1384	7	0	0	6	16	3	2	20	45	600067100a08
1736781015.758887	1356	1	6970	1	7	16	3856	1928	1928	7	1	1	0	32	3	2	21	45	78000c0f0f08
1736781015.760634	1356	2	6970	1	7	16	3856	1928	1928	7	1	0	1	0	3	2	22	45	7800048f0e08
1736781015.760634	1356	2	56893	1	9	59	9144	9144	0	7	1	1	6	16	3	2	68	45	07ffff130158
1736781015.761964	1356	5	65535	1	8	4	224	-1	-1	4	0	-1	0	12	2	3	12	14	0020
1736781015.761964	1356	5	56893	1	6	4	392	392	0	7	1	1	5	24	3	3	69	45	87400a8d0158
1736781015.761964	1356	5	6970	1	5	59	9424	5160	4264	7	1	0	3	48	3	3	23	45	3bbbf18b0808
1736781015.764123	1356	8	6970	1	9	16	3920	2536	1384	7	0	0	7	8	3	2	24	45	60006f920a08
1736781015.764123	1356	8	56893	1	9	59	9144	9144	0	7	1	1	7	32	3	2	70	45	1fff97930158
1736781015.765593	1356	9	65534	1	3	8	120	-1	-1	4	0	-1	0	12	2	3	3	14	080c
1736781015.765593	1356	9	6970	1	5	59	9424	5160	4264	7	0	0	0	16	3	3	25	45	3bbbf00a0808
1736781015.768373	1357	0	6970	1	8	12	3152	1672	1480	7	0	1	1	8	3	2	26	45	600020900f08
1736781015.770044	1357	2	6970	1	9	16	4208	2536	1672	7	0	1	5	0	3	2	27	45	60006e920d08
1736781015.771869	1357	3	6970	1	9	16	3920	2536	1384	7	0	1	3	16	3	2	28	45	600065920b08
1736781015.771869	1357	3	56893	1	9	59	9144	9144	0	7	0	1	5	24	3	2	69	45	1fff9e920158
1736781015.773224	1357	4	56893	1	11	59	10296	10296	0	7	0	0	4	8	3	2	68	45	1fff92160058
1736781015.773224	1357	4	6970	1	9	16	4208	2536	1672	7	1	1	4	16	3	2	29	45	60006e130d08
1736781015.774561	1357	5	56893	1	9	63	9912	9912	0	7	0	0	1	0	3	2	69	45	1fffb4920058
1736781015.774561	1357	5	6970	1	8	12	3152	1672	1480	7	0	0	6	32	3	2	30	45	60004f100e08
1736781015.776013	1357	6	56893	1	11	59	10296	10296	0	7	0	1	7	8	3	2	69	45	1fff9b960158
1736781015.776013	1357	6	6970	1	10	16	4208	2536	1672	7	1	1	7	16	3	2	31	45	600063950d08
1736781015.777470	1357	7	33747	1	7	7	2992	840	2152	7	1	1	6	16	1	2	0	45	c51a9f614fe0
1736781015.779353	1357	8	6970	1	9	16	4208	2536	1672	7	1	0	1	8	3	2	32	45	60006c930c08
1736781015.779353	1357	8	56893	1	11	59	10296	10296	0	7	1	1	6	24	3	2	68	45	1fff93170158
1736781015.779353	1357	8	56775	0	17	2	632	-1	-1	0	1	-1	2	36	2	2	0	27	01b23400
1736781015.780519	1357	9	56893	1	11	59	10296	10296	0	7	1	1	3	0	3	2	68	45	1fff95970158
1736781015.780519	1357	9	6970	1	9	16	4208	2536	1672	7	1	1	2	16	3	2	33	45	60006d130d08
1736781015.781998	1358	0	6970	1	9	16	4208	2536	1672	7	1	0	5	8	3	2	34	45	60006e930c08
1736781015.781998	1358	0	56893	1	9	59	9144	9144	0	7	1	0	2	32	3	2	68	45	1fff95130058
1736781015.783359	1358	1	56893	1	11	59	10296	10296	0	7	1	1	5	8	3	2	69	45	1fff9a970158
1736781015.783359	1358	1	6970	1	10	16	4208	2536	1672	7	1	0	3	32	3	2	35	45	600061950c08
1736781015.784699	1358	2	6970	1	9	16	4208	2536	1672	7	0	0	4	0	3	2	36	45	600066120c08
1736781015.784699	1358	2	56893	1	11	59	10296	10296	0	7	1	0	4	16	3	2	69	45	1fff9e170058
1736781015.786168	1358	3	6970	1	9	12	3536	1864	1672	7	1	1	6	16	3	2	37	45	60002f131108
1736781015.786168	1358	3	56893	1	11	63	11064	11064	0	7	1	0	1	24	3	2	69	45	1fffd0970058
1736781015.787545	1358	4	56893	1	11	59	10296	10296	0	7	1	1	7	8	3	2	70	45	1fff9f970158
1736781015.787545	1358	4	6970	1	9	16	4208	2536	1672	7	0	0	7	16	3	2	38	45	600067920c08
1736781015.788892	1358	6	6970	1	8	8	1776	1096	680	7	0	1	1	48	3	3	39	45	40002c900b08
1736781015.791875	1358	7	6970	1	7	4	1088	472	616	7	0	0	2	8	3	3	40	45	4000010e1208
1736781015.797028	1359	1	56893	1	12	28	5736	5736	0	7	0	0	1	0	3	2	70	45	163884980058
1736781015.797028	1359	1	9595	1	9	8	1256	1256	0	7	0	0	1	8	3	2	5	45	000064920050
1736781015.800830	1359	9	56893	1	12	28	5736	5736	0	7	1	0	1	8	3	2	71	45	1e182c990058
1736781015.803369	1360	1	56893	1	9	4	616	616	0	7	0	1	0	0	3	1	72	45	833000120158
1736781015.803369	1360	1	65535	1	12	8	328	-1	-1	4	0	-1	0	8	2	1	11	14	0830
1736781015.804624	1360	5	65535	1	8	4	224	-1	-1	4	0	-1	0	8	2	1	11	14	0020
1736781015.806834	1360	9	6970	1	7	4	800	472	328	7	1	1	4	16	3	3	41	45	0800020f0b08
1736781015.809780	1361	0	6970	1	7	8	1648	968	680	7	0	0	6	32	3	3	42	45	1800030e0a08
1736781015.815943	1361	3	6970	1	8	4	928	536	392	7	1	0	1	8	3	2	43	45	08000c910c08
1736781015.817764	1361	4	6970	1	8	4	928	536	392	7	1	1	2	8	3	2	44	45	080001110d08
1736781015.817764	1361	4	56893	1	13	20	4584	4584	0	7	1	0	4	16	3	2	70	45	16180a1b0058
1736781015.819179	1361	7	6970	1	10	16	3664	2536	1128	7	0	0	4	24	3	2	45	45	300066140808
1736781015.820861	1362	0	65535	1	3	4	120	-1	-1	4	0	-1	0	12	2	3	12	14	000c
1736781015.820861	1362	0	6970	1	3	4	352	208	144	7	0	0	0	24	3	3	46	45	87400c060208
1736781015.820861	1362	0	9595	1	7	20	2472	2472	0	7	0	1	6	32	3	3	5	45	2102670e0150
1736781015.820861	1362	0	56775	1	12	4	776	776	0	7	1	0	3	56	3	3	1	45	008005990058
1736781015.822842	1362	2	6970	1	7	16	4720	1928	2792	7	0	0	2	8	3	2	47	45	6180050e1608
1736781015.827986	1362	5	65535	1	8	4	224	-1	-1	4	0	-1	0	12	2	2	12	14	0020
1736781015.829640	1362	6	6970	1	7	16	4720	1928	2792	7	1	1	4	8	3	2	48	45	6180060f1708
1736781015.831118	1362	7	6970	1	7	16	4720	1928	2792	7	0	0	6	24	3	2	49	45	61800f0e1608
1736781015.832841	1362	8	6970	1	7	40	9936	4968	4968	7	1	1	7	16	3	3	50	45	7999878f0f08
1736781015.835594	1362	9	65534	1	5	8	144	-1	-1	4	0	-1	0	12	2	2	3	14	0814
1736781015.837475	1363	0	6970	1	7	12	3568	1480	2088	7	1	1	0	8	3	2	51	45	61000c0f1708
1736781015.837475	1363	0	56893	1	14	59	15264	15264	0	7	0	0	4	16	2	2	65	45	1efdf21c8050
1736781015.838960	1363	1	6970	1	7	12	3568	1480	2088	7	1	0	1	0	3	2	52	45	60800c8f1608
1736781015.840736	1363	2	6970	1	7	16	4720	1928	2792	7	1	1	2	8	3	2	53	45	6180010f1708
1736781015.842556	1363	3	6970	1	7	16	4720	1928	2792	7	1	0	5	8	3	2	54	45	6180068f1608
1736781015.844337	1363	4	6970	1	8	16	5008	2216	2792	7	1	0	3	8	3	2	55	45	61800d911608
1736781015.846139	1363	5	6970	1	7	16	4720	1928	2792	7	0	0	4	24	3	2	56	45	61800e0e1608
1736781015.847750	1363	8	6970	1	8	16	5008	2216	2792	7	0	0	0	8	3	2	57	45	61800c101608
1736781015.849572	1364	1	6970	1	8	16	4752	2216	2536	7	0	1	5	32	3	2	58	45	60810e901508
1736781015.851179	1364	3	6970	1	6	8	1904	808	1096	7	1	1	4	16	3	2	59	45	6000020d1108
1736781015.851179	1364	3	56893	1	13	67	15264	15264	0	7	1	1	3	32	2	2	65	45	1ffff99b0150
1736781015.852615	1364	5	65535	1	8	4	224	-1	-1	4	0	-1	0	8	2	1	13	14	0020
1736781015.854814	1365	0	56893	1	13	75	16992	16992	0	7	1	1	6	8	2	1	65	45	7ffff31b0150
1736781015.857671	1365	8	56893	1	14	75	19080	19080	0	7	0	1	6	8	2	1	65	45	7ffffb1c0150
1736781015.862195	1366	8	6970	1	8	20	6288	2792	3496	7	0	0	6	8	3	2	60	45	69800f101608
1736781015.866124	1367	1	33747	1	0	47	0	0	0	7	0	0	5	18	1	2	1	45	4aef5e805ee8
1736781015.867988	1367	3	6970	1	9	16	5328	2536	2792	7	1	1	7	16	3	2	61	45	608807931708
1736781015.869714	1367	5	24041	0	5	4	328	-1	-1	0	1	-1	3	0	3	2	0	27	03dcb400
1736781015.871536	1367	7	6970	1	9	16	5072	2536	2536	7	1	0	1	24	3	2	62	45	601804931208
1736781015.873004	1367	8	6970	1	8	16	5456	2216	3240	7	1	1	2	8	3	2	63	45	61800d111908
1736781015.874570	1367	9	6970	1	8	16	5008	2216	2792	7	1	0	5	8	3	2	64	45	61800e911608
1736781015.876345	1368	0	65535	1	4	4	136	-1	-1	4	0	-1	0	12	2	3	12	14	0010
1736781015.876345	1368	0	6970	1	6	4	600	392	208	7	1	0	3	24	3	3	65	45	87400d8d0608
1736781015.876345	1368	0	9595	1	1	4	144	144	0	7	0	1	0	32	3	3	6	45	936004020150
1736781015.876345	1368	0	15885	0	29	1	0	-1	-1	0	1	-1	0	8	2	3	0	27	0043b440
1736781015.878617	1368	1	6970	1	8	43	10576	5992	4584	7	0	0	4	24	3	3	66	45	60e9f2100c08
1736781015.878617	1368	1	12670	0	29	1	0	-1	-1	0	1	-1	1	56	1	3	0	27	002bb440
1736781015.881410	1368	2	6970	1	8	75	18416	10680	7736	7	1	1	6	8	3	2	67	45	7ffff7110d08
1736781015.883063	1368	3	6970	1	8	71	17392	9912	7480	7	0	0	7	16	3	3	68	45	7effff900c08
1736781015.883063	1368	3	24041	1	0	4	88	88	0	7	1	0	1	56	3	3	0	45	010004810040
1736781015.885461	1368	4	6970	1	9	40	11744	6200	5544	7	0	0	0	16	3	2	69	45	7998c4121008
1736781015.885461	1368	4	57244	0	5	4	328	-1	-1	0	0	-1	4	24	3	2	0	27	03e8a400
1736781015.886717	1368	5	65535	1	8	4	224	-1	-1	4	0	-1	0	12	2	2	12	14	0020
1736781015.886717	1368	5	6970	1	7	4	472	472	0	7	0	0	1	32	3	2	70	45	20000c8e0050
1736781015.893027	1368	9	65534	1	5	8	144	-1	-1	4	0	-1	0	8	2	1	3	14	0814
1736781015.895133	1369	2	57244	0	5	4	328	-1	-1	0	0	-1	4	8	2	1	1	27	03aca400
1736781015.895773	1369	3	24041	1	0	43	1192	1192	0	7	1	0	2	56	3	3	1	45	624bf5010050
1736781015.906108	1371	6	24041	0	15	4	1128	-1	-1	0	1	-1	4	0	3	1	1	27	03b1f400
1736781015.907960	1371	9	33747	1	7	43	31768	5352	26416	7	0	0	1	3	0	1	2	45	6835f88e34a0
1736781015.911354	1372	5	65535	1	8	4	224	-1	-1	4	0	-1	0	8	2	1	13	14	0020
1736781015.914082	1372	9	65534	1	3	8	120	-1	-1	4	0	-1	0	8	2	1	4	14	080c
1736781015.925711	1374	5	65535	1	8	4	224	-1	-1	4	0	-1	0	8	2	1	13	14	0020
1736781015.936693	1376	0	6970	1	11	16	5584	2792	2792	7	0	0	2	8	3	2	71	45	780001161608
1736781015.938551	1376	1	65535	1	12	8	328	-1	-1	4	0	-1	0	12	2	2	14	14	0830
1736781015.938551	1376	1	6970	1	11	59	18544	10296	8248	7	0	1	5	32	3	2	72	45	3bbbfe961108
1736781015.944075	1376	4	6970	1	10	16	5072	2536	2536	7	0	1	3	8	3	2	73	45	60088d941308
1736781015.945889	1376	5	65535	1	8	4	224	-1	-1	4	0	-1	0	12	2	2	15	14	0020
1736781015.945889	1376	5	6970	1	11	59	18544	10296	8248	7	1	1	4	24	3	2	74	45	3bbbfe171108
1736781015.947339	1376	6	6970	1	10	16	5072	2536	2536	7	0	0	6	8	3	2	75	45	681003141208
1736781015.949056	1376	7	6970	1	11	16	5328	2792	2536	7	1	1	7	24	3	2	76	45	60090f971308
1736781015.950801	1376	8	6970	1	11	16	5584	2792	2792	7	0	0	2	16	3	2	77	45	4001cd169688
1736781015.952397	1376	9	65534	1	1	4	56	-1	-1	4	0	-1	0	12	2	2	4	14	0004
1736781015.952397	1376	9	6970	1	11	59	18544	10296	8248	7	0	1	5	16	3	2	78	45	3bbbfe969188
1736781015.953951	1377	0	6970	1	9	16	4752	2536	2216	7	1	1	0	8	3	2	79	45	68008c131108
1736781015.955773	1377	1	6970	1	9	16	4752	2536	2216	7	1	1	1	32	3	2	80	45	600180931108
1736781015.957254	1377	2	6970	1	9	59	16368	9144	7224	7	1	0	3	0	3	2	81	45	3bbbfd930e08
1736781015.957254	1377	2	65535	1	12	8	328	-1	-1	4	0	-1	0	12	2	2	16	14	0830
1736781015.958921	1377	3	6970	1	9	16	4752	2536	2216	7	0	0	4	16	3	2	82	45	680102121008
1736781015.960406	1377	4	6970	1	9	16	4752	2536	2216	7	1	1	6	8	3	2	83	45	60090f131108
1736781015.962183	1377	5	6970	1	9	16	4752	2536	2216	7	0	0	7	24	3	2	84	45	60088f921008
